1;;2016-09-16;;jacob.koenig;2017-11-21 19:05
2;;2016-09-16;;jacob.koenig;2017-11-21 19:05
3;;2016-11-14;;jacob.koenig;2017-11-21 19:05
4;;2016-09-16;;jacob.koenig;2017-11-21 19:05
5;;2016-10-18;;jacob.koenig;2017-11-21 19:05
6;;2016-10-25;;jacob.koenig;2017-11-21 19:05
7;;2016-09-16;;jacob.koenig;2017-11-21 19:05
8;;2016-09-16;;jacob.koenig;2017-11-21 19:05
9;;2016-10-11;;jacob.koenig;2017-11-21 19:05
10;;2016-10-26;;jacob.koenig;2017-11-21 19:05
11;;2016-11-07;;jacob.koenig;2017-11-21 19:05
12;;2016-11-11;;jacob.koenig;2017-11-21 19:05
13;;2016-11-17;;jacob.koenig;2017-11-21 19:05
14;;2017-11-21;-;jacob.koenig;2017-11-21 19:05
15;;2016-10-12;;jacob.koenig;2017-11-21 19:05
16;;2017-11-21;;jacob.koenig;2017-11-21 19:05
17;;2016-11-08;;jacob.koenig;2017-11-21 19:05
18;;2016-11-17;;jacob.koenig;2017-11-21 19:05
19;;2016-11-22;;jacob.koenig;2017-11-21 19:05
20;;2016-11-21;;jacob.koenig;2017-11-21 19:05
21;;2016-10-14;;jacob.koenig;2017-11-21 19:05
22;;2016-10-14;;jacob.koenig;2017-11-21 19:05
23;;2016-09-15;;jacob.koenig;2017-11-21 19:05
24;;2016-10-17;;jacob.koenig;2017-11-21 19:05
25;;2016-09-16;;jacob.koenig;2017-11-21 19:05
26;;2016-11-07;;jacob.koenig;2017-11-21 19:05
27;;2016-10-13;;jacob.koenig;2017-11-21 19:05
28;;2016-10-13;;jacob.koenig;2017-11-21 19:05
29;;2016-10-25;;jacob.koenig;2017-11-21 19:05
30;;2016-09-16;;jacob.koenig;2017-11-21 19:05
31;;2016-09-16;;jacob.koenig;2017-11-21 19:05
32;;2016-09-16;;jacob.koenig;2017-11-21 19:05
33;;2016-09-16;;jacob.koenig;2017-11-21 19:05
34;;2016-09-16;;jacob.koenig;2017-11-21 19:05
35;;2017-11-21;;jacob.koenig;2017-11-21 19:05
36;;2016-09-15;;jacob.koenig;2017-11-21 19:05
37;;2016-09-16;;jacob.koenig;2017-11-21 19:05
38;;2016-09-16;;jacob.koenig;2017-11-21 19:05
39;;2016-09-16;;jacob.koenig;2017-11-21 19:05
40;;2016-09-15;;jacob.koenig;2017-11-21 19:05
41;;2016-09-16;;jacob.koenig;2017-11-21 19:05
42;;2016-09-16;;jacob.koenig;2017-11-21 19:05
43;;2017-11-21;;jacob.koenig;2017-11-21 19:05
44;;2016-11-17;;jacob.koenig;2017-11-21 19:05
45;;2016-10-12;;jacob.koenig;2017-11-21 19:05
46;;2016-11-08;;jacob.koenig;2017-11-21 19:05
47;;2016-11-22;;jacob.koenig;2017-11-21 19:05
48;;2016-10-25;;jacob.koenig;2017-11-21 19:05
49;;2016-09-16;;jacob.koenig;2017-11-21 19:05
50;;2016-09-16;;jacob.koenig;2017-11-21 19:05
51;;2016-10-11;;jacob.koenig;2017-11-21 19:05
52;;2017-11-21;;jacob.koenig;2017-11-21 19:05
53;;2016-09-15;;jacob.koenig;2017-11-21 19:05
54;;2016-09-15;;jacob.koenig;2017-11-21 19:05
55;;2016-09-16;;jacob.koenig;2017-11-21 19:05
56;;2016-09-16;;jacob.koenig;2017-11-21 19:05
57;;2016-09-16;;jacob.koenig;2017-11-21 19:05
58;;2016-09-16;;jacob.koenig;2017-11-21 19:05
59;;2016-10-25;;jacob.koenig;2017-11-21 19:05
60;;2016-09-16;;jacob.koenig;2017-11-21 19:05
61;;2016-09-16;;jacob.koenig;2017-11-21 19:05
62;;2016-10-11;;jacob.koenig;2017-11-21 19:05
63;;2017-11-21;;jacob.koenig;2017-11-21 19:05
64;;2016-09-15;;jacob.koenig;2017-11-21 19:05
65;;2016-09-15;;jacob.koenig;2017-11-21 19:05
66;;2016-09-16;;jacob.koenig;2017-11-21 19:05
67;;2016-09-16;;jacob.koenig;2017-11-21 19:05
68;;2017-11-21;;jacob.koenig;2017-11-21 19:05
69;;2016-09-16;;jacob.koenig;2017-11-21 19:05
70;;2016-10-25;;jacob.koenig;2017-11-21 19:05
71;;2016-09-16;;jacob.koenig;2017-11-21 19:05
72;;2016-09-16;;jacob.koenig;2017-11-21 19:05
73;;2016-09-16;;jacob.koenig;2017-11-21 19:05
74;;2016-10-11;;jacob.koenig;2017-11-21 19:05
75;;2017-11-21;;jacob.koenig;2017-11-21 19:05
76;;2016-09-15;;jacob.koenig;2017-11-21 19:05
77;;2016-09-15;;jacob.koenig;2017-11-21 19:05
78;;2016-09-16;;jacob.koenig;2017-11-21 19:05
79;;2016-09-16;;jacob.koenig;2017-11-21 19:05
80;;2013-11-20;Mail vom 20.11.2013;jacob.koenig;2017-11-21 19:05
81;;2012-09-24;;jacob.koenig;2017-11-21 19:05
82;;2011-08-10;;jacob.koenig;2017-11-21 19:05
83;;2014-04-15;Regression;jacob.koenig;2017-11-21 19:05
84;;2015-09-17;eMail vom 17.09.2015  HUSUM;jacob.koenig;2017-11-21 19:05
85;;2014-04-15;Regression;jacob.koenig;2017-11-21 19:05
86;;2014-04-15;Regression;jacob.koenig;2017-11-21 19:05
87;;2014-05-15;Regression;jacob.koenig;2017-11-21 19:05
88;;2013-11-20;;jacob.koenig;2017-11-21 19:05
89;;2014-04-15;Regression;jacob.koenig;2017-11-21 19:05
90;;2014-04-15;Regression;jacob.koenig;2017-11-21 19:05
91;;2012-05-09;;jacob.koenig;2017-11-21 19:05
92;;2012-05-09;;jacob.koenig;2017-11-21 19:05
93;;2012-08-08;;jacob.koenig;2017-11-21 19:05
94;;2014-04-15;Regression;jacob.koenig;2017-11-21 19:05
95;;2014-05-15;Regression;jacob.koenig;2017-11-21 19:05
96;;2014-04-15;Regression;jacob.koenig;2017-11-21 19:05
97;;2014-04-15;Regression;jacob.koenig;2017-11-21 19:05
98;;2014-04-15;Regression;jacob.koenig;2017-11-21 19:05
99;;2014-04-15;Regression;jacob.koenig;2017-11-21 19:05
100;;2014-04-15;Regression;jacob.koenig;2017-11-21 19:05
101;;2014-04-15;Regression;jacob.koenig;2017-11-21 19:05
102;;2013-11-20;Mail vom 20.11.2013;jacob.koenig;2017-11-21 19:05
103;;2014-04-15;Regression;jacob.koenig;2017-11-21 19:05
104;;2014-04-15;Regression;jacob.koenig;2017-11-21 19:05
105;;2014-04-15;Regression;jacob.koenig;2017-11-21 19:05
106;;2014-04-15;Regression;jacob.koenig;2017-11-21 19:05
107;;2011-11-02;Email vom 30.10.15 Bastian;jacob.koenig;2017-11-21 19:05
108;;2011-08-10;;jacob.koenig;2017-11-21 19:05
109;;2014-04-15;Regression;jacob.koenig;2017-11-21 19:05
110;;2014-04-15;Regression;jacob.koenig;2017-11-21 19:05
111;;2014-04-15;Regression;jacob.koenig;2017-11-21 19:05
112;;2014-04-15;Regression;jacob.koenig;2017-11-21 19:05
113;;2014-04-15;Regression;jacob.koenig;2017-11-21 19:05
114;;2014-04-15;Regression;jacob.koenig;2017-11-21 19:05
115;;2014-04-15;Regression;jacob.koenig;2017-11-21 19:05
116;;2014-04-15;Regression;jacob.koenig;2017-11-21 19:05
117;;2014-04-15;Regression;jacob.koenig;2017-11-21 19:05
118;;2014-04-15;Regression;jacob.koenig;2017-11-21 19:05
119;;2014-04-15;Regression;jacob.koenig;2017-11-21 19:05
120;;2014-04-15;Regression;jacob.koenig;2017-11-21 19:05
121;;2014-04-15;Regression;jacob.koenig;2017-11-21 19:05
122;;2014-04-15;Regression;jacob.koenig;2017-11-21 19:05
123;;2014-04-15;Regression;jacob.koenig;2017-11-21 19:05
124;;2014-10-14;;jacob.koenig;2017-11-21 19:05
125;;2014-04-15;;jacob.koenig;2017-11-21 19:05
126;;2014-04-15;Regression;jacob.koenig;2017-11-21 19:05
127;;2014-04-15;Regression;jacob.koenig;2017-11-21 19:05
128;;2014-04-15;Regression;jacob.koenig;2017-11-21 19:05
129;;2014-04-15;Regression;jacob.koenig;2017-11-21 19:05
130;;2014-04-15;Regression;jacob.koenig;2017-11-21 19:05
131;;2014-04-15;Regression;jacob.koenig;2017-11-21 19:05
132;;2012-11-12;;jacob.koenig;2017-11-21 19:05
133;;2011-11-06;;jacob.koenig;2017-11-21 19:05
134;;2012-07-27;;jacob.koenig;2017-11-21 19:05
135;;2012-09-24;;jacob.koenig;2017-11-21 19:05
136;;2011-08-10;;jacob.koenig;2017-11-21 19:05
137;;2015-09-17;eMail vom 17.09.205 HUSUM;jacob.koenig;2017-11-21 19:05
138;;2010-06-01;Mail vom 26.03.2014;jacob.koenig;2017-11-21 19:05
139;;2008-01-21;;jacob.koenig;2017-11-21 19:05
140;;2014-03-27;;jacob.koenig;2017-11-21 19:05
141;;2014-01-28;;jacob.koenig;2017-11-21 19:05
142;;2008-01-21;;jacob.koenig;2017-11-21 19:05
143;;2011-08-10;;jacob.koenig;2017-11-21 19:05
144;;2011-08-10;;jacob.koenig;2017-11-21 19:05
145;;2012-10-15;;jacob.koenig;2017-11-21 19:05
146;;2013-12-04;klären =>projektspezifisch Brie Champenoise;jacob.koenig;2017-11-21 19:05
147;;2012-09-28;klären;jacob.koenig;2017-11-21 19:05
148;;2011-05-11;;jacob.koenig;2017-11-21 19:05
149;;2011-08-26;Produktionsstopp (Mail v. 17.10.2014);jacob.koenig;2017-11-21 19:05
150;;2014-05-14;Produktionsstopp (Mail v. 17.10.2014);jacob.koenig;2017-11-21 19:05
151;;2012-05-07;Produktionsstopp (Mail v. 17.10.2014);jacob.koenig;2017-11-21 19:05
152;;2012-09-24;Produktionsstopp (Mail v. 17.10.2014);jacob.koenig;2017-11-21 19:05
153;;2011-10-06;Produktionsstopp (Mail v. 17.10.2014) FR ST CX:2 25 Mio  Fundament: gem. ST CX;jacob.koenig;2017-11-21 19:05
154;;2011-08-26;Produktionsstopp (Mail v. 17.10.2014);jacob.koenig;2017-11-21 19:05
155;;2014-05-14;Produktionsstopp (Mail v. 17.10.2014);jacob.koenig;2017-11-21 19:05
156;;2014-03-28;Produktionsstopp (Mail v. 17.10.2014);jacob.koenig;2017-11-21 19:05
157;;2012-09-24;;jacob.koenig;2017-11-21 19:05
158;;2014-04-15;Regression;jacob.koenig;2017-11-21 19:05
159;;2014-04-15;Regression;jacob.koenig;2017-11-21 19:05
160;;2014-04-15;Regression;jacob.koenig;2017-11-21 19:05
161;;2014-04-15;Regression;jacob.koenig;2017-11-21 19:05
162;;2014-09-16;Mail vom 18.09.2014;jacob.koenig;2017-11-21 19:05
163;;2013-11-18;;jacob.koenig;2017-11-21 19:05
164;;2014-12-17;Mail vom 17.12.2014;jacob.koenig;2017-11-21 19:05
165;;2016-01-13;Mail vom 13.02.2016;jacob.koenig;2017-11-21 19:05
166;;2014-10-14;Vertrag Dauer IV;jacob.koenig;2017-11-21 19:05
167;;2014-09-26;;jacob.koenig;2017-11-21 19:05
168;;2015-09-29;;jacob.koenig;2017-11-21 19:05
169;;2012-09-27;;jacob.koenig;2017-11-21 19:05
170;;2012-06-01;;jacob.koenig;2017-11-21 19:05
171;;2012-06-01;;jacob.koenig;2017-11-21 19:05
172;;2012-08-22;;jacob.koenig;2017-11-21 19:05
173;;2014-03-26;gem. Telefonat BAL 12.05.2014;jacob.koenig;2017-11-21 19:05
174;;2014-03-26;Mail vom 26.03.2014;jacob.koenig;2017-11-21 19:05
175;;2012-04-18;;jacob.koenig;2017-11-21 19:05
176;;2012-05-07;;jacob.koenig;2017-11-21 19:05
177;;2006-01-09;;jacob.koenig;2017-11-21 19:05
178;;2014-04-15;Regression;jacob.koenig;2017-11-21 19:05
179;;2014-04-15;Regression;jacob.koenig;2017-11-21 19:05
180;;2014-04-15;Regression;jacob.koenig;2017-11-21 19:05
181;;2014-04-15;Regression;jacob.koenig;2017-11-21 19:05
182;;2014-01-29;Mail vom 28.01.2014 & Mail von AP am 09.05.2014;jacob.koenig;2017-11-21 19:05
183;;2014-09-29;Mail vom 29.09.2014 (PC CG & PC PL) inkl. Optionen  aktualisiert Dez. 2014;jacob.koenig;2017-11-21 19:05
184;;2012-09-24;;jacob.koenig;2017-11-21 19:05
185;;2015-09-14;;jacob.koenig;2017-11-21 19:05
186;;2011-06-01;;jacob.koenig;2017-11-21 19:05
187;;2016-04-14;eMail vom 04.04.2016;jacob.koenig;2017-11-21 19:05
188;;2016-07-18;letztes Angebot zu Dyé;jacob.koenig;2017-11-21 19:05
189;;2015-10-01;Mail vom 29.09.2015;jacob.koenig;2017-11-21 19:05
190;;2014-09-16;Mail vom 18.09.2014  Neu Nov. 2014;jacob.koenig;2017-11-21 19:05
191;;2012-08-22;;jacob.koenig;2017-11-21 19:05
192;;2014-04-15;Regression Offshore WEA;jacob.koenig;2017-11-21 19:05
193;;2014-04-15;Regression Offshore WEA;jacob.koenig;2017-11-21 19:05
194;;2014-03-28;;jacob.koenig;2017-11-21 19:05
195;;2012-05-18;Fundament: inkl.;jacob.koenig;2017-11-21 19:05
196;;2013-06-15;MS M0;jacob.koenig;2017-11-21 19:05
197;;2011-03-24;F3 R0;jacob.koenig;2017-11-21 19:05
198;;2015-12-21;Mail vom 21.12.2015;jacob.koenig;2017-11-21 19:05
199;;2014-06-13;TN C2;jacob.koenig;2017-11-21 19:05
200;;2014-03-06;Mail vom 05.03.2014;jacob.koenig;2017-11-21 19:05
201;;2014-03-27;Mail vom 26.03.2014;jacob.koenig;2017-11-21 19:05
202;;2011-04-19;;jacob.koenig;2017-11-21 19:05
203;;2012-08-22;;jacob.koenig;2017-11-21 19:05
204;;2012-11-08;;jacob.koenig;2017-11-21 19:05
205;;2014-04-15;Regression;jacob.koenig;2017-11-21 19:05
206;;2014-04-15;Regression;jacob.koenig;2017-11-21 19:05
207;;2014-04-15;Regression;jacob.koenig;2017-11-21 19:05
208;;2014-04-15;Regression;jacob.koenig;2017-11-21 19:05
209;;2014-04-15;Regression;jacob.koenig;2017-11-21 19:05
210;;2014-04-15;Regression;jacob.koenig;2017-11-21 19:05
211;;2013-11-08;;jacob.koenig;2017-11-21 19:05
212;;2011-05-17;;jacob.koenig;2017-11-21 19:05
213;;2011-01-01;;jacob.koenig;2017-11-21 19:05
214;;2015-09-30;eMail vom 02.10.2015/Indikation Siemens vom 30.09.2015  Preis gilt ab 5 WEA;jacob.koenig;2017-11-21 19:05
215;;2012-10-23;;jacob.koenig;2017-11-21 19:05
216;;2012-06-08;;jacob.koenig;2017-11-21 19:05
217;;2012-10-23;FR AI RM;jacob.koenig;2017-11-21 19:05
218;;2011-06-28;;jacob.koenig;2017-11-21 19:05
219;;2011-06-28;;jacob.koenig;2017-11-21 19:05
220;;2015-09-02;Mail vom 02.09.2015;jacob.koenig;2017-11-21 19:05
221;;2014-01-17;Mail vom 17.01.2014;jacob.koenig;2017-11-21 19:05
222;;2011-08-10;;jacob.koenig;2017-11-21 19:05
223;;2011-09-05;;jacob.koenig;2017-11-21 19:05
224;;2011-12-01;;jacob.koenig;2017-11-21 19:05
225;;2015-03-31;Stahlturm;jacob.koenig;2017-11-21 19:05
226;;2015-03-31;Stahlturm;jacob.koenig;2017-11-21 19:05
227;;2015-03-31;Stahlturm;jacob.koenig;2017-11-21 19:05
228;;2012-09-28;;jacob.koenig;2017-11-21 19:05
229;;2013-03-01;;jacob.koenig;2017-11-21 19:05
230;;2014-04-15;Regression;jacob.koenig;2017-11-21 19:05
231;;2014-04-15;Regression;jacob.koenig;2017-11-21 19:05
232;;2011-08-15;;jacob.koenig;2017-11-21 19:05
233;;2011-07-01;;jacob.koenig;2017-11-21 19:05
234;;2012-04-18;;jacob.koenig;2017-11-21 19:05
235;;2013-03-01;;jacob.koenig;2017-11-21 19:05
236;;2016-04-21;dummy;jacob.koenig;2017-11-21 19:05
237;;2016-01-11;Mail vom 11.01.2016;jacob.koenig;2017-11-21 19:05
238;;2010-07-01;;jacob.koenig;2017-11-21 19:05
239;;2010-09-20;;jacob.koenig;2017-11-21 19:05
240;;2011-11-03;;jacob.koenig;2017-11-21 19:05
241;;2014-04-15;Regression;jacob.koenig;2017-11-21 19:05
242;;2014-04-15;Regression;jacob.koenig;2017-11-21 19:05
243;;2014-04-15;Regression;jacob.koenig;2017-11-21 19:05
244;;2014-04-15;Regression;jacob.koenig;2017-11-21 19:05
245;;2014-04-15;Regression;jacob.koenig;2017-11-21 19:05
246;;2014-04-15;Regression;jacob.koenig;2017-11-21 19:05
247;;2015-10-23;eMail vom 02.10.2015/Indikation Siemens vom 30.09.2015  Preis gilt ab 5 WEA;jacob.koenig;2017-11-21 19:05
248;;2015-10-23;eMail vom 02.10.2015/Indikation Siemens vom 30.09.2015  Preis gilt ab 5 WEA;jacob.koenig;2017-11-21 19:05
249;;2015-10-23;eMail vom 02.10.2015/Indikation Siemens vom 30.09.2015 Preis gilt ab 5 WEA;jacob.koenig;2017-11-21 19:05
250;;2015-10-23;eMail vom 02.10.2015/Indikation Siemens vom 30.09.2015  Preis gilt ab 5 WEA;jacob.koenig;2017-11-21 19:05
251;;2015-10-23;eMail vom 02.10.2015/Indikation Siemens vom 30.09.2015  Preis gilt ab 5 WEA;jacob.koenig;2017-11-21 19:05
252;;2016-02-24;Mail vom 23.02.2016  Preis nach Ausschreibung gilt für Gruszewo;jacob.koenig;2017-11-21 19:05
253;;2016-02-23;Mail vom 23.02.2016  Preis nach Ausschreibung gilt für Kosciernia;jacob.koenig;2017-11-21 19:05
254;;2016-02-22;Mail vom 23.02.2016  Preis nach Ausschreibung gilt für Nasutowo;jacob.koenig;2017-11-21 19:05
255;;2015-10-30;Email vom 30.10.15 Bastian;jacob.koenig;2017-11-21 19:05
256;;2015-11-05;Mail vom 03.11.2015;jacob.koenig;2017-11-21 19:05
257;;2014-01-28;lt. Mail vom 28.01.2014 & Fundament lt. Andreas;jacob.koenig;2017-11-21 19:05
258;;2014-01-28;eMail vom 19.10.2015;jacob.koenig;2017-11-21 19:05
259;;2015-10-20;eMail vom 19.10.2015;jacob.koenig;2017-11-21 19:05
260;;2015-10-20;eMail vom 19.10.2015;jacob.koenig;2017-11-21 19:05
261;;2016-02-19;Mail vom 11.02.2016;jacob.koenig;2017-11-21 19:05
262;;2014-01-29;Mail vom 28.01.2014;jacob.koenig;2017-11-21 19:05
263;;2014-10-17;neuer Preis SD L1;jacob.koenig;2017-11-21 19:05
264;;2014-01-22;gleicher Preis wie für 3 0er;jacob.koenig;2017-11-21 19:05
265;;2014-01-22;;jacob.koenig;2017-11-21 19:05
266;;2014-01-22;;jacob.koenig;2017-11-21 19:05
267;;2015-01-08;VV112 3,0MW nicht mehr lieferbar;jacob.koenig;2017-11-21 19:05
268;;2015-01-08;VV112 3,0MW nicht mehr lieferbar;jacob.koenig;2017-11-21 19:05
269;;2015-01-08;VV112 3,0MW nicht mehr lieferbar;jacob.koenig;2017-11-21 19:05
270;;2015-01-08;VV112 3,0MW nicht mehr lieferbar;jacob.koenig;2017-11-21 19:05
271;;2015-01-08;VV112 3,0MW nicht mehr lieferbar;jacob.koenig;2017-11-21 19:05
272;;2015-08-21;;jacob.koenig;2017-11-21 19:05
273;;2014-04-15;Regression;jacob.koenig;2017-11-21 19:05
274;;2014-04-15;Regression;jacob.koenig;2017-11-21 19:05
275;;2015-10-23;eMail vom 02.10.2015/Indikation Siemens vom 30.09.2015  Preis gilt ab 5 WEA;jacob.koenig;2017-11-21 19:05
276;;2015-10-23;eMail vom 02.10.2015/Indikation Siemens vom 30.09.2015  Preis gilt ab 5 WEA;jacob.koenig;2017-11-21 19:05
277;;2015-10-23;eMail vom 02.10.2015/Indikation Siemens vom 30.09.2015  Preis gilt ab 5 WEA;jacob.koenig;2017-11-21 19:05
278;;2011-12-19;;jacob.koenig;2017-11-21 19:05
279;;2012-05-30;;jacob.koenig;2017-11-21 19:05
280;;2015-10-15;Mail vom 14.10.2015  beizieht sich auf Bukowo;jacob.koenig;2017-11-21 19:05
281;;2015-06-01;Fundament: inkl.;jacob.koenig;2017-11-21 19:05
282;;2015-10-15;Mail vom 14.10.2015  beizieht sich auf Bukowo;jacob.koenig;2017-11-21 19:05
283;;2015-10-01;Mail vom 29.09.2015;jacob.koenig;2017-11-21 19:05
284;;2016-02-12;Mail vom 12.02.2016;jacob.koenig;2017-11-21 19:05
285;;2015-10-01;Mail vom 29.09.2015;jacob.koenig;2017-11-21 19:05
286;;2015-06-01;Fundament: inkl.;jacob.koenig;2017-11-21 19:05
287;;2010-07-01;;jacob.koenig;2017-11-21 19:05
288;;2015-10-01;Mail vom 29.09.2015;jacob.koenig;2017-11-21 19:05
289;;2015-10-01;Mail vom 29.09.2015;jacob.koenig;2017-11-21 19:05
290;;2016-02-23;Mail vom 23.02.2016  Preis nach Ausschreibung (41 Stück);jacob.koenig;2017-11-21 19:05
291;;2015-11-03;;jacob.koenig;2017-11-21 19:05
292;;2016-01-05;Mail vom 23.12.2015;jacob.koenig;2017-11-21 19:05
293;;2016-02-26;Mail vom 24.02.2016  inkl. Fundament;jacob.koenig;2017-11-21 19:05
294;;2016-02-26;Mail vom 24.02.2016  inkl. Fundament;jacob.koenig;2017-11-21 19:05
295;;2013-04-01;;jacob.koenig;2017-11-21 19:05
296;;2014-10-17;Mail vom 02.07.2014;jacob.koenig;2017-11-21 19:05
297;;2014-01-22;Mail vom 22.01.2014;jacob.koenig;2017-11-21 19:05
298;;2015-06-12;Indikation gem. Mail vom 12.06.2015;jacob.koenig;2017-11-21 19:05
299;;2012-01-20;Inkl.;jacob.koenig;2017-11-21 19:05
300;;2012-01-20;Inkl.;jacob.koenig;2017-11-21 19:05
301;;2016-02-04;Mail vom 04.02.2016;jacob.koenig;2017-11-21 19:05
302;;2015-07-07;Mail vom 07.07.2015;jacob.koenig;2017-11-21 19:05
303;;2014-02-24;FR TN C2: Mail vom 24.02.2014;jacob.koenig;2017-11-21 19:05
304;;2012-01-20;;jacob.koenig;2017-11-21 19:05
305;;2016-06-22;Mail vom 22.06.2016 (Goudelancourt);jacob.koenig;2017-11-21 19:05
306;;2015-12-21;Mail vom 21.12.2015;jacob.koenig;2017-11-21 19:05
307;;2015-07-07;Mail vom 07.07.2015;jacob.koenig;2017-11-21 19:05
308;;2011-08-10;FR TN C2: Mail vom 24.02.2014;jacob.koenig;2017-11-21 19:05
309;;2016-02-23;Mail vom 23.02.2016  Preis nach Ausschreibung;jacob.koenig;2017-11-21 19:05
310;;2015-11-05;Mail vom 05.11.2015 (Matteshöhe);jacob.koenig;2017-11-21 19:05
311;;2014-01-22;Fundament: inkl.;jacob.koenig;2017-11-21 19:05
312;;2015-07-07;Mail vom 07.07.2015;jacob.koenig;2017-11-21 19:05
313;;2014-02-24;FR TN C2: Mail vom 24.02.2014;jacob.koenig;2017-11-21 19:05
314;;2014-01-22;;jacob.koenig;2017-11-21 19:05
315;;2015-07-07;Mail vom 07.07.2015;jacob.koenig;2017-11-21 19:05
316;;2014-02-24;FR TN C2: Mail vom 24.02.2014;jacob.koenig;2017-11-21 19:05
317;;2014-01-22;;jacob.koenig;2017-11-21 19:05
318;;2016-07-19;eMail vom 28.06.2016;jacob.koenig;2017-11-21 19:05
319;;2016-07-18;eMail vom 28.06.2016;jacob.koenig;2017-11-21 19:05
320;;2016-02-25;Mail vom 25.02.2016;jacob.koenig;2017-11-21 19:05
321;;2015-11-10;Mail vom 10.11.2015;jacob.koenig;2017-11-21 19:05
322;;2015-09-22;Mail vom 22.09.2015;jacob.koenig;2017-11-21 19:05
323;;2014-10-17;;jacob.koenig;2017-11-21 19:05
324;;2014-04-25;Neues Turmkonzept, Indikation April 2014;jacob.koenig;2017-11-21 19:05
325;;2014-01-17;RÜ mit BAL;jacob.koenig;2017-11-21 19:05
326;;2014-01-17;RÜ mit BAL;jacob.koenig;2017-11-21 19:05
327;;2016-01-13;Mail vom 13.01.2016;jacob.koenig;2017-11-21 19:05
328;;2016-04-14;eMail vom 08.04.2016;jacob.koenig;2017-11-21 19:05
329;;2012-11-08;;jacob.koenig;2017-11-21 19:05
330;;2012-11-08;;jacob.koenig;2017-11-21 19:05
331;;2014-01-29;Mail vom 28.01.2014, Fundament: inkl. =>2,75 für PL bei 3,95;jacob.koenig;2017-11-21 19:05
332;;2013-12-19;Sperenberg: 3,69, da 50 EA;jacob.koenig;2017-11-21 19:05
333;;2013-11-04;Sonderpreis für 83 Eas,  Mail von 04.11.2013 (Dunowo),  Fundament Schätzwert Mail v. 30.01.2014;jacob.koenig;2017-11-21 19:05
334;;2014-03-28;;jacob.koenig;2017-11-21 19:05
335;;2015-03-31;Stahlturm;jacob.koenig;2017-11-21 19:05
336;;2015-03-31;Stahlturm;jacob.koenig;2017-11-21 19:05
337;;2015-03-31;Stahlturm;jacob.koenig;2017-11-21 19:05
338;;2016-03-15;Preis aus Rietz II;jacob.koenig;2017-11-21 19:05
339;;2014-09-20;Indikation Bastain 09/14, Bandbreite 3,74-4,0 Mio.;jacob.koenig;2017-11-21 19:05
340;;2015-10-15;Mail vom 14.10.2015 (bezieht sich auf Bukowo);jacob.koenig;2017-11-21 19:05
341;;2015-06-01;Regression;jacob.koenig;2017-11-21 19:05
342;;2015-06-01;Regression;jacob.koenig;2017-11-21 19:05
343;;2015-10-15;Mail vom 14.10.2015 (bezieht sich auf Bukowo)  Stahlrohrturm;jacob.koenig;2017-11-21 19:05
344;;2015-10-01;Mail vom 29.09.2015;jacob.koenig;2017-11-21 19:05
345;;2015-10-01;Mail vom 29.09.2015;jacob.koenig;2017-11-21 19:05
346;;2016-02-24;eMail vom 23.02.2016  Ausschreibung PL;jacob.koenig;2017-11-21 19:05
347;;2016-02-23;eMail vom 23.02.2016,  Ausschreibung dritte Runde,  gilt für 21 WEA;jacob.koenig;2017-11-21 19:05
348;;2015-06-12;Indikation gem. Mail vom 12.06.2015;jacob.koenig;2017-11-21 19:05
349;;2015-11-24;ab 2017 verfügbar;jacob.koenig;2017-11-21 19:05
350;;2016-02-25;Mail vom 25.02.2016;jacob.koenig;2017-11-21 19:05
351;;2016-02-25;Mail vom 25.02.2016;jacob.koenig;2017-11-21 19:05
352;;2015-11-05;Mail vom 03.11.2015;jacob.koenig;2017-11-21 19:05
353;;2016-02-25;Mail vom 25.02.2016, Stahlrohrturm;jacob.koenig;2017-11-21 19:05
354;;2014-10-17;Stahlrohrturm;jacob.koenig;2017-11-21 19:05
355;;2016-02-24;Mail vom 23.02.2016,  Preis nach Ausschreibung gilt für Bukowko;jacob.koenig;2017-11-21 19:05
356;;2016-02-23;Mail vom 23.02.2016,  Preis nach Ausschreibung gilt für Rzyszczewo;jacob.koenig;2017-11-21 19:05
357;;2016-02-22;Mail vom 23.02.2016,  Preis nach Ausschreibung gilt für Podwilce;jacob.koenig;2017-11-21 19:05
358;;2016-02-23;;jacob.koenig;2017-11-21 19:05
359;;2015-10-30;;jacob.koenig;2017-11-21 19:05
360;;2016-02-25;Mail vom 25.02.2016;jacob.koenig;2017-11-21 19:05
361;;2016-02-25;Mail vom 25.02.2016;jacob.koenig;2017-11-21 19:05
362;;2014-10-17;Stahlrohrturm;jacob.koenig;2017-11-21 19:05
363;;2014-04-25;Neues Turmkonzept,  Indikation April 2014;jacob.koenig;2017-11-21 19:05
364;;2014-03-28;wird es definitiv nur noch als 3,3 MW Variante geben;jacob.koenig;2017-11-21 19:05
365;;2014-03-28;wird es definitiv nur noch als 3,3 MW Variante geben;jacob.koenig;2017-11-21 19:05
366;;2016-02-22;Mail vom 22.02.2016;jacob.koenig;2017-11-21 19:05
367;;2011-09-05;;jacob.koenig;2017-11-21 19:05
368;;2012-04-18;;jacob.koenig;2017-11-21 19:05
369;;2011-05-15;;jacob.koenig;2017-11-21 19:05
370;;2016-11-14;;jacob.koenig;2017-11-21 19:05
371;;2016-09-16;;jacob.koenig;2017-11-21 19:05
372;;2016-09-16;;jacob.koenig;2017-11-21 19:05
373;;2016-10-18;;jacob.koenig;2017-11-21 19:05
374;;2016-09-16;;jacob.koenig;2017-11-21 19:05
375;;2016-09-16;;jacob.koenig;2017-11-21 19:05
376;;2016-04-14;eMail vom 13.04.2016;jacob.koenig;2017-11-21 19:05
377;;2015-10-23;eMail vom 02.10.2015/Indikation Siemens vom 30.09.2015,  Preis gilt ab 5 WEA;jacob.koenig;2017-11-21 19:05
378;;2016-04-13;eMail vom 13.04.2016;jacob.koenig;2017-11-21 19:05
379;;2015-03-11;Angebot vom 11.03.2015;jacob.koenig;2017-11-21 19:05
380;;2015-10-23;eMail vom 02.10.2015/Indikation Siemens vom 30.09.2015,  Preis gilt ab 5 WEA;jacob.koenig;2017-11-21 19:05
381;;2015-10-23;eMail vom 02.10.2015/Indikation Siemens vom 30.09.2015,  Preis gilt ab 5 WEA;jacob.koenig;2017-11-21 19:05
382;;2016-03-07;Mail vom 04.03.2016;jacob.koenig;2017-11-21 19:05
383;;2015-10-16;Mail vom 16.10.2015;jacob.koenig;2017-11-21 19:05
384;;2015-09-11;Mail vom 02.09.2015;jacob.koenig;2017-11-21 19:05
385;;2016-10-13;;jacob.koenig;2017-11-21 19:05
386;;2016-10-13;;jacob.koenig;2017-11-21 19:05
387;;2016-10-13;;jacob.koenig;2017-11-21 19:05
388;;2016-02-23;Mail vom 23.02.2016,  Preis nach Ausschreibung;jacob.koenig;2017-11-21 19:05
389;;2016-07-18;Mail vom 28.06.2016 (Preis Lübs: 3,87 Mio. €,  da 10 EA);jacob.koenig;2017-11-21 19:05
390;;2015-06-24;Mail vom 24.06.2015;jacob.koenig;2017-11-21 19:05
391;;2015-06-03;Mail vom 03.06.2015;jacob.koenig;2017-11-21 19:05
392;;2014-04-15;Regression;jacob.koenig;2017-11-21 19:05
393;;2015-09-02;Mail vom 02.09.2015;jacob.koenig;2017-11-21 19:05
394;;2015-04-30;Indikation: Lübs;jacob.koenig;2017-11-21 19:05
395;;2014-10-24;Mail vom 24.10.2014,  inkl. Fundament;jacob.koenig;2017-11-21 19:05
396;;2014-04-15;;jacob.koenig;2017-11-21 19:05
397;;2015-10-15;Mail vom 13.10.2015 (Mindestabnahme: 5 WEA);jacob.koenig;2017-11-21 19:05
398;;2015-07-10;Mail vom 10.07.2015;jacob.koenig;2017-11-21 19:05
399;;2015-07-07;Mail vom 07.07.2015;jacob.koenig;2017-11-21 19:05
400;;2014-04-15;Regression;jacob.koenig;2017-11-21 19:05
401;;2014-04-15;Regression;jacob.koenig;2017-11-21 19:05
402;;2015-10-15;Mail vom 13.10.2015 (Mindestabnahme: 5 WEA);jacob.koenig;2017-11-21 19:05
403;;2015-07-10;Mail vom 10.07.2015;jacob.koenig;2017-11-21 19:05
404;;2015-07-07;Mail vom 07.07.2015;jacob.koenig;2017-11-21 19:05
405;;2014-04-15;Regression;jacob.koenig;2017-11-21 19:05
406;;2014-04-15;Regression;jacob.koenig;2017-11-21 19:05
407;;2016-11-07;;jacob.koenig;2017-11-21 19:05
408;;2016-10-13; Hybridturm;jacob.koenig;2017-11-21 19:05
409;;2016-10-13;;jacob.koenig;2017-11-21 19:05
410;;2016-10-13;;jacob.koenig;2017-11-21 19:05
411;;2016-09-16;;jacob.koenig;2017-11-21 19:05
412;;2015-11-03;Info Bastian;jacob.koenig;2017-11-21 19:05
413;;2016-05-03;Mail vom 03.05.2016;jacob.koenig;2017-11-21 19:05
414;;2015-06-12;Indikation gem Mail vom 12.06.2015;jacob.koenig;2017-11-21 19:05
415;;2016-10-26;;jacob.koenig;2017-11-21 19:05
416;;2016-11-07;;jacob.koenig;2017-11-21 19:05
417;;2016-11-11;;jacob.koenig;2017-11-21 19:05
418;;2016-11-17;;jacob.koenig;2017-11-21 19:05
419;;2015-08-04;Stahlrohrturm;jacob.koenig;2017-11-21 19:05
420;;2015-08-04;Stahlrohrturm;jacob.koenig;2017-11-21 19:05
421;;2017-11-21;;jacob.koenig;2017-11-21 19:05
422;;2016-10-12;;jacob.koenig;2017-11-21 19:05
423;;2016-11-08;;jacob.koenig;2017-11-21 19:05
424;;2016-11-17;;jacob.koenig;2017-11-21 19:05
425;;2016-11-22;;jacob.koenig;2017-11-21 19:05
426;;2016-06-06;Mail vom 03.05.2016;jacob.koenig;2017-11-21 19:05
427;;2016-04-21;eMail vom 04.03.2016;jacob.koenig;2017-11-21 19:05
428;;2016-03-07;Mail vom 04.03.2016;jacob.koenig;2017-11-21 19:05
429;;2016-01-04;Mail vom 04.01.2016;jacob.koenig;2017-11-21 19:05
430;;2016-10-14;;jacob.koenig;2017-11-21 19:05
431;;2016-10-14;;jacob.koenig;2017-11-21 19:05
432;;2016-09-15;;jacob.koenig;2017-11-21 19:05
433;;2016-09-15;;jacob.koenig;2017-11-21 19:05
434;;2016-09-15;;jacob.koenig;2017-11-21 19:05
435;;2016-09-15;;jacob.koenig;2017-11-21 19:05
436;;2016-11-21;;jacob.koenig;2017-11-21 19:05
437;;2016-06-06;;jacob.koenig;2017-11-21 19:05
438;;2016-10-17;;jacob.koenig;2017-11-21 19:05
439;;2016-06-15;Mail vom 15.06.2016;jacob.koenig;2017-11-21 19:05
440;;2016-06-15;Mail vom 15.06.2016;jacob.koenig;2017-11-21 19:05
441;;2016-01-05;Mail vom 23.12.2015;jacob.koenig;2017-11-21 19:05
443;;2017-11-17;Standard Lieferumfang;ivaylo.petrov;2017-11-22 15:13
444;;2017-10-13;unverbindlich;ivaylo.petrov;2017-11-22 15:45
445;;2017-12-14;Ankerkörbe bestellt vor Vertragsabschluss  1 Anzahlung 10%+2,5%  Frist für Finanzierungsbestätigung  4 Monate;ivaylo.petrov;2017-12-19 15:41
446;;2017-12-15;Standard Lieferumfang  IB 2019;ivaylo.petrov;2017-12-20 14:53
447;;2017-12-12;Richtpreisangebot,  EAG Lieferumfang;ivaylo.petrov;2017-12-20 15:11
448;;2017-11-07;10 WEA Standardlieferumfang;ivaylo.petrov;2017-12-21 12:13
449;;2017-12-08;Verbindliches Angebot;ivaylo.petrov;2018-01-09 14:08
450;;2018-01-24;unverbindlich;ivaylo.petrov;2018-01-25 16:32
451;;2018-02-12;unverbindlich;jana.pose;2018-02-12 09:22
452;;2018-02-06;unverbindlich;jana.pose;2018-02-12 10:29
453;;2018-02-12;unverbindlich;jana.pose;2018-02-12 11:24
454;;2017-10-26;Noch keine BimSchG für diese WEA-Typen ;ivaylo.petrov;2018-04-03 14:42
455;;2017-10-26;Teil I: Projekte mit Zuschlag von BNetzA;ivaylo.petrov;2018-04-03 15:02
456;;2017-10-26;Teil II: Projekte ohne Zuschlag von BNetzA ;ivaylo.petrov;2018-04-03 15:16
457;;2017-10-24;Teil I: Projekte mit Zuschlag von BNetzA;ivaylo.petrov;2018-04-03 15:35
458;;2017-10-24;Teil II: Projekte ohne Zuschlag von BNetzA ;ivaylo.petrov;2018-04-03 15:42
459;;2018-03-27;WB Briest I;ivaylo.petrov;2018-04-06 16:03
460;;2018-04-16;Standardausrüstung ;ivaylo.petrov;2018-04-17 10:16
462;;2018-05-03;Lieferung in 2022;ivaylo.petrov;2018-05-04 10:07
464;;2018-05-17;Lieferung in 2021;ivaylo.petrov;2018-05-18 09:32
465;;2018-05-16;unverbindlich;ivaylo.petrov;2018-05-18 09:53
466;;2018-05-22;Barnsdorfer Berg,  IB  2022;ivaylo.petrov;2018-05-22 17:09
467;;2018-06-15;Last Call;ivaylo.petrov;2018-06-26 14:45
468;;2017-10-24;;ivaylo.petrov;2018-06-27 13:51
469;;2017-10-30;Servicekooperation;ivaylo.petrov;2018-06-27 14:16
470;;2018-06-27;;ivaylo.petrov;2018-06-27 16:07
471;;2018-06-27;;ivaylo.petrov;2018-06-27 16:10
472;;2018-06-27;;ivaylo.petrov;2018-06-27 16:14
473;;2018-06-27;;ivaylo.petrov;2018-06-27 16:19
474;;2018-07-13;;ivaylo.petrov;2018-07-16 10:18
476;;2018-07-24;inkl. Fundament ohne Auftrieb;ivaylo.petrov;2018-07-25 10:15
477;;2018-07-06;Tender PL Last Call;ivaylo.petrov;2018-07-25 13:29
478;;2018-08-20;;ivaylo.petrov;2018-08-20 09:55
480;;2018-08-20;;ivaylo.petrov;2018-08-22 13:49
481;;2018-08-23;unverbindliches Angebot;ivaylo.petrov;2018-08-23 17:24
482;;2018-08-24;;ivaylo.petrov;2018-08-24 16:26
483;;2018-09-10;verbindlich,  inkl. Vertragsentwurf. WEA-Aufteilung falsch;ivaylo.petrov;2018-09-14 14:15
484;;2018-09-11;;ivaylo.petrov;2018-09-28 13:34
485;;2018-03-09;;ivaylo.petrov;2018-09-28 13:52
486;;2018-10-01;;ivaylo.petrov;2018-10-01 15:27
487;;2018-10-04;;ivaylo.petrov;2018-10-12 11:42
488;;2018-10-12; Richtpreisangebot bei Lieferung in 2020;jana.pose;2018-10-12 15:43
489;;2018-10-23;verbindlich;ivaylo.petrov;2018-10-23 15:15
490;;2018-10-23;Tender France;jana.pose;2018-10-25 09:21
491;;2018-10-12;Tender France;jana.pose;2018-10-25 15:01
492;;2018-10-12;Tender France;jana.pose;2018-10-25 15:09
493;;2018-10-12;Tender France;jana.pose;2018-10-25 15:15
494;;2018-10-12;Tender France;jana.pose;2018-10-25 15:20
495;;2018-10-12;Tender France;jana.pose;2018-10-25 15:40
496;;2018-10-12;Tender France;jana.pose;2018-10-25 15:45
497;;2018-10-12;Tender France;jana.pose;2018-10-25 15:52
498;;2018-10-12;Tender France;jana.pose;2018-10-25 16:21
499;;2018-10-12;Tender France;jana.pose;2018-10-25 16:25
500;;2018-10-12;Tender France;jana.pose;2018-10-25 16:36
501;;2018-10-12;Tender France;jana.pose;2018-10-26 07:45
502;;2018-10-12;Tender France;jana.pose;2018-10-26 08:44
503;;2018-10-12;Tender France;jana.pose;2018-10-26 13:11
504;;2018-10-12;Tender France;jana.pose;2018-10-26 14:18
505;;2018-10-15;Tender France;jana.pose;2018-10-26 14:38
506;;2018-10-12;Tender France;jana.pose;2018-11-29 12:54
507;;2018-10-12;Tender France;jana.pose;2018-11-29 13:14
508;;2018-10-12;Tender France;jana.pose;2018-11-29 13:30
509;;2018-10-12;Tender France;jana.pose;2018-11-29 13:57
510;;2018-10-12;Tender France;jana.pose;2018-11-29 14:23
511;;2018-10-12;Tender France;jana.pose;2018-11-29 15:22
512;;2018-10-12;Tender France;jana.pose;2018-11-29 15:26
513;;2018-10-12;Tender France;jana.pose;2018-11-30 08:36
514;;2018-10-12;Tender France;jana.pose;2018-11-30 08:53
515;;2018-10-12;Tender France;jana.pose;2018-11-30 09:18
516;;2018-10-12;Tender France;jana.pose;2018-11-30 09:23
517;;2018-10-12;Tender France;jana.pose;2018-11-30 10:06
518;;2018-10-12;Tender France;jana.pose;2018-11-30 10:19
519;;2018-10-12;Tender France;jana.pose;2018-11-30 10:26
520;;2018-10-12;Tender France;jana.pose;2018-11-30 10:31
521;;2018-10-12;Tender France;jana.pose;2018-11-30 10:54
522;;2018-10-12;Tender France;jana.pose;2018-11-30 11:20
523;;2018-10-12;Tender France;jana.pose;2018-11-30 11:25
524;;2018-10-12;Tender France;jana.pose;2018-11-30 11:31
525;;2018-10-12;Tender France;jana.pose;2018-11-30 11:43
526;;2018-10-11;Tender France;jana.pose;2018-11-30 11:51
527;;2018-12-05;telefonisch;ivaylo.petrov;2018-12-05 16:02
528;;2016-09-15;Standardlieferumfang,  inkl. Standardflachgründungsfundament ohne Auftriebswirkung,  Anlagenversion FT,  1x ENERCON SCADA PC / RTU-C / OPC je WP;jana.pose;2018-12-18 11:46
529;;2019-01-24;unverbindliches Angebot;ivaylo.petrov;2019-01-30 13:23
530;;2019-02-03;unverbindliches Angebot;ivaylo.petrov;2019-02-04 09:40
531;;2019-01-31;;ivaylo.petrov;2019-03-12 09:28
533;;2019-03-15;akualisierte Konditionen Frankreich;jana.pose;2019-03-18 08:42
534;;2019-03-15;unverbindliches Angebot;ivaylo.petrov;2019-03-21 12:09
535;;2019-03-21;KaufV ;ivaylo.petrov;2019-03-21 14:46
536;;2019-04-05;Richtpreis;ivaylo.petrov;2019-04-08 09:38
537;;2019-04-17;unverbindliches Angebot;ivaylo.petrov;2019-05-07 14:26
538;;2019-05-02;verbindliches Angebot;ivaylo.petrov;2019-05-09 14:53
539;;2019-04-05;unverbindliches Angebot;ivaylo.petrov;2019-05-09 15:45
540;;2019-06-06;Richtpreis;florian.dillges;2019-06-13 10:50
541;;2019-07-08;unverbindliches Angebot;florian.dillges;2019-07-15 10:15
542;;2019-07-16;;florian.dillges;2019-07-17 09:44
543;;2019-05-22;;ivaylo.petrov;2019-07-17 15:17
544;;2019-07-17;verbindliches Angebot;ivaylo.petrov;2019-07-17 15:50
545;;2019-07-22; Email vom 27.06.2019;florian.dillges;2019-07-22 15:44
546;;2019-05-15;9000 EUR/WEA Fugenverguss addiert,  da nicht im Angebot enthalten;ivaylo.petrov;2019-07-25 09:34
547;;2019-05-15;Mit Quelle ID : 546 verknüpft  9000 EUR/WEA Fugenverguss addiert,  da nicht im Angebot enthalten;ivaylo.petrov;2019-07-25 10:08
548;;2019-07-19;verbindliches Angebot;ivaylo.petrov;2019-08-08 09:48
549;;2019-07-19;verbindliches Angebot;ivaylo.petrov;2019-08-08 10:17
550;;2016-12-02;LoI;ivaylo.petrov;2019-09-05 10:59
551;;2019-08-16;;ivaylo.petrov;2019-09-05 11:23
552;;2019-10-02;;florian.dillges;2019-10-08 18:22
553;;2019-10-21;;florian.dillges;2019-11-01 14:00
554;;2019-10-15;;florian.dillges;2019-11-01 14:27
555;;2019-10-03;;florian.dillges;2019-11-26 18:12
556;;2019-11-08;verbindliches Angebot;florian.dillges;2020-02-03 16:52
557;;2020-02-13;;florian.dillges;2020-02-18 15:32
558;;2020-02-06;;florian.dillges;2020-02-18 16:00
559;;2019-12-19;;florian.dillges;2020-02-18 16:28
560;;2020-02-12;unverbindliches Angebot;florian.dillges;2020-03-04 10:21
565;;2018-09-26;;florian.dillges;2020-03-11 12:27
567;;2018-09-24;;florian.dillges;2020-03-11 12:40
568;;2018-09-26;;florian.dillges;2020-03-11 12:44
569;;2018-09-26;;florian.dillges;2020-03-11 12:48
570;;2018-09-26;;florian.dillges;2020-03-11 12:51
571;;2018-09-26;;florian.dillges;2020-03-11 13:08
572;;2018-09-26;;florian.dillges;2020-03-11 13:15
573;;2019-09-26;;florian.dillges;2020-03-11 13:44
574;;2019-01-10;;florian.dillges;2020-03-16 13:36
575;;2019-12-11;;florian.dillges;2020-03-16 13:52
576;;2019-12-17;;florian.dillges;2020-03-16 15:39
577;;2019-12-17;;florian.dillges;2020-03-16 16:13
578;;2020-03-11;;florian.dillges;2020-03-27 16:27
579;;2020-05-06;;rosalie.tauchert;2020-05-13 10:48
580;;2020-05-20;;rosalie.tauchert;2020-05-28 08:15
581;;2020-06-05;;rosalie.tauchert;2020-06-10 11:29
582;;2020-06-17;Vertragsschluss 08.06.20;rosalie.tauchert;2020-06-17 11:50
583;;2020-05-18;verbindliches Angebot;ivaylo.petrov;2020-06-30 11:14
584;;2020-05-18;verbindliches Angebot;ivaylo.petrov;2020-06-30 11:34
585;;2020-06-08;verbindliches Angebot;ivaylo.petrov;2020-07-21 14:05
586;;2020-06-08;verbindliches Angebot;ivaylo.petrov;2020-07-21 14:21
587;;2020-07-30;WEA-Kaufvertrag;jana.pose;2020-08-11 08:06
588;;2013-12-19;;ivaylo.petrov;2020-09-04 15:36
589;;2020-09-01;;ivaylo.petrov;2020-09-08 15:05
590;;2020-09-09;;ivaylo.petrov;2020-09-09 16:04
591;;2020-09-10; Vensys Turbinenportfolio Preisindikation;toni.haensel;2020-09-11 14:58
592;;2020-09-18;Nachtrag #1 Rev. 9 zum KV 1203570;toni.haensel;2020-09-18 15:56
593;;2020-09-21;Marville Turbine Supply & Installation Agreement;toni.haensel;2020-10-02 14:44
596;;2020-09-24;Terre Plaine Turbine Supply & Installation Agreement ;toni.haensel;2020-10-12 17:25
597;;2020-10-13;;ivaylo.petrov;2020-10-13 13:57
598;;2020-10-23;Vestas Indicative Proposal for Banie IV wind farm ;toni.haensel;2020-10-29 09:40
599;;2020-10-23; Preise vorerst aus Indikation f. Banie IV abgleitet;toni.haensel;2020-10-29 10:29
600;;2020-06-15;;ivaylo.petrov;2020-10-30 18:01
602;;2020-10-09;Preisindikation per Mail;toni.haensel;2020-11-04 16:20
603;;2020-10-26;Angebot per Mail ;toni.haensel;2020-11-05 11:35
605;;2020-09-02;GE WEA-Preise & Servicepreise via Mailangebot;toni.haensel;2020-11-06 16:07
606;;2018-09-06;;ivaylo.petrov;2020-11-09 16:25
607;;2020-11-02;;toni.haensel;2020-11-16 15:39
608;;2020-11-04;;toni.haensel;2020-11-18 11:24
609;;2020-11-19;Zelechowo (Indicative Proposal for Energix Group,  Banie IV Wind Farm (Rev. 03));toni.haensel;2020-11-19 16:26
610;;2016-12-23;Liefervertrag ;toni.haensel;2020-11-25 09:17
611;;2020-12-17;Werkliefervertrag ;toni.haensel;2020-12-18 16:40
612;;2020-06-19;Nordex;toni.haensel;2020-12-22 12:37
613;;2020-06-19;;toni.haensel;2020-12-22 14:38
614;;2020-12-16;;toni.haensel;2020-12-22 16:58
616;;2021-01-08;Schätzung im Zusammenhang mit Projekt Gral Drewitz;toni.haensel;2021-01-11 12:23
617;;2017-10-30;Servicekooperation ;toni.haensel;2021-01-25 15:33
618;;2017-10-30;Servicekooperation;toni.haensel;2021-01-25 16:41
619;;2017-10-30;Servicekooperation;toni.haensel;2021-01-25 16:51
620;;2017-10-30;Servicekooperation;toni.haensel;2021-01-25 17:04
621;;2017-10-30;Servicekooperation;toni.haensel;2021-01-26 18:23
622;;2017-10-30;Servicekooperation;toni.haensel;2021-01-26 18:31
623;;2017-10-30;Servicekooperation;toni.haensel;2021-01-26 18:45
624;;2017-10-30;Servicekooperation;toni.haensel;2021-01-26 18:55
625;;2017-10-26;Teil I: Projekte mit Zuschlag BNetzA;toni.haensel;2021-01-28 07:49
626;;2017-10-26;Teil I: Projekte mit Zuschlag BNetzA;toni.haensel;2021-01-28 07:53
627;;2020-10-29;Preise vorerst aus Indikation f. Banie IV abgleitet;toni.haensel;2021-01-28 08:30
628;;2020-11-04;;toni.haensel;2021-01-28 09:26
629;;2020-11-04;;toni.haensel;2021-01-28 09:46
630;;2020-11-04;;toni.haensel;2021-01-28 10:42
631;;2020-11-04;;toni.haensel;2021-01-28 10:45
632;;2020-10-23;Vestas Indicative Proposal for Banie IV wind farm;toni.haensel;2021-01-28 11:23
633;;2020-09-10;Vensys Turbinenportfolio Preisindikation;toni.haensel;2021-01-28 12:25
634;;2020-09-10;Vensys Turbinenportfolio Preisindikation;toni.haensel;2021-01-28 12:28
635;;2020-09-10;Vensys Turbinenportfolio Preisindikation;toni.haensel;2021-01-28 12:30
636;;2020-09-10;Vensys Turbinenportfolio Preisindikation;toni.haensel;2021-01-28 12:32
637;;2020-09-10;Vensys Turbinenportfolio Preisindikation;toni.haensel;2021-01-28 12:35
638;;2020-06-16;Vertragsabschluss 08.06.20;toni.haensel;2021-01-29 07:36
639;;2020-05-20;;toni.haensel;2021-01-29 08:19
640;;2020-03-11;siehe hierfür auch Quell-ID 578;toni.haensel;2021-01-29 08:42
641;;2021-01-08;bezogen auf Projekt Gral Drewitz;toni.haensel;2021-01-29 08:51
642;;2019-10-15;;toni.haensel;2021-01-29 18:59
643;;2019-10-15;;toni.haensel;2021-02-01 08:35
644;;2019-06-06;Richtpreis;toni.haensel;2021-02-01 10:36
645;;2019-06-06;Richtpreis;toni.haensel;2021-02-01 10:48
646;;2019-06-06;Richtpreis;toni.haensel;2021-02-01 10:55
647;;2019-06-06;Richtpreis;toni.haensel;2021-02-01 11:30
648;;2019-06-06;Richtpreis;toni.haensel;2021-02-01 11:35
649;;2019-06-06;Richtpreis;toni.haensel;2021-02-01 11:41
650;;2019-06-06;Richtpreis;toni.haensel;2021-02-01 11:51
651;;2019-05-15;9000 EUR/WEA Fugenverguss addiert, da nicht im Angebot enthalten;toni.haensel;2021-02-01 12:32
652;;2019-05-15;9000 EUR/WEA Fugenverguss addiert,  da nicht im Angebot enthalten;toni.haensel;2021-02-01 12:45
653;;2019-05-15;Mit Quell ID: 546 verknüpft  9000 EUR/WEA Fugenverguss addiert,  da nicht im Angebot enthalten ;toni.haensel;2021-02-01 14:26
654;;2019-05-15;Mit Quell ID: 546 verknüpft  9000 EUR/WEA Fugenverguss addiert,  da nicht im Angebot enthalten;toni.haensel;2021-02-01 14:35
655;;2019-05-15;Mit Quell ID: 546 verknüpft  9000 EUR/WEA Fugenverguss addiert,  da nicht im Angebot enthalten;toni.haensel;2021-02-01 15:00
656;;2017-10-26;Teil II: Projekte ohne Zuschlag von BNetzA;toni.haensel;2021-02-01 15:59
657;;2017-10-26;Teil II: Projekte ohne Zuschlag von BNetzA;toni.haensel;2021-02-01 16:27
658;;2016-12-02;LoI;toni.haensel;2021-02-01 16:57
659;;2016-12-02;LoI;toni.haensel;2021-02-01 17:02
660;;2019-04-05;Richtpreis;toni.haensel;2021-02-01 17:31
661;;2019-04-05;Richtpreis;toni.haensel;2021-02-01 17:42
662;;2019-04-05;Richtpreis;toni.haensel;2021-02-02 08:01
663;;2019-04-05;Richtpreis;toni.haensel;2021-02-02 08:19
664;;2019-04-05;Richtpreis;toni.haensel;2021-02-02 08:31
665;;2019-04-05;Richtpreis;toni.haensel;2021-02-02 08:37
666;;2019-04-05;Richtpreis;toni.haensel;2021-02-02 08:47
667;;2018-10-23;verbindlich;toni.haensel;2021-02-02 10:07
668;;2021-02-04;Angebot unter Berücksichtigung von Komponententausch in den Jahren 10-15 resultierend aus TGA;toni.haensel;2021-02-08 08:41
669;;2020-11-02;;toni.haensel;2021-02-08 15:26
670;;2020-11-02;;toni.haensel;2021-02-08 15:29
671;;2020-11-02;;toni.haensel;2021-02-08 15:32
672;;2020-02-13;;toni.haensel;2021-02-08 15:46
673;;2019-08-16;;toni.haensel;2021-02-08 16:34
674;;2019-07-19;verbindliches Angebot;toni.haensel;2021-02-08 16:52
675;;2019-07-19;verbindliches Angebot;toni.haensel;2021-02-08 17:03
676;;2019-07-19;verbindliches Angebot;toni.haensel;2021-02-08 17:11
677;;2019-07-19;verbindliches Angebot;toni.haensel;2021-02-09 15:47
678;;2019-07-19;verbindliches Angebot;toni.haensel;2021-02-09 15:58
679;;2019-07-16;;toni.haensel;2021-02-09 16:14
680;;2019-07-08;unverbindliches Angebot;toni.haensel;2021-02-09 16:27
681;;2019-04-17;unverbindliches Angebot;toni.haensel;2021-02-09 16:53
682;;2019-03-15;unverbindliches Angebot;toni.haensel;2021-02-09 17:13
683;;2019-03-15;unverbindliches Angebot;toni.haensel;2021-02-10 07:53
684;;2019-03-15;unverbindliches Angebot;toni.haensel;2021-02-10 08:16
685;;2019-03-15;unverbindliches Angebot;toni.haensel;2021-02-10 08:34
686;;2019-03-15;unverbindliches Angebot;toni.haensel;2021-02-10 08:48
687;;2019-03-15;unverbindliches Angebot;toni.haensel;2021-02-10 09:34
688;;2019-03-15;unverbindliches Angebot;toni.haensel;2021-02-10 09:44
689;;2019-03-15;unverbindliches Angebot;toni.haensel;2021-02-10 09:51
690;;2019-03-15;unverbindliches Angebot;toni.haensel;2021-02-10 09:57
691;;2019-03-15;aktualisierte Konditionen Frankreich ;toni.haensel;2021-02-10 10:09
692;;2018-10-23;Tender France ;toni.haensel;2021-02-10 10:33
693;;2018-10-23;Tender France;toni.haensel;2021-02-10 12:32
694;;2021-02-10;;toni.haensel;2021-02-10 15:12
695;;2021-02-10;;toni.haensel;2021-02-10 15:16
696;;2018-10-23;Tender France;toni.haensel;2021-02-10 17:08
697;;2021-02-10;;toni.haensel;2021-02-11 10:21
698;;2018-10-23;Tender France;toni.haensel;2021-02-11 11:25
699;;2018-10-23;Tender France;toni.haensel;2021-02-11 12:27
700;;2018-10-23;Tender France;toni.haensel;2021-02-11 14:19
701;;2018-10-23;Tender France;toni.haensel;2021-02-11 14:43
702;;2018-10-23;Tender France;toni.haensel;2021-02-11 15:21
703;;2018-10-23;Tender France;toni.haensel;2021-02-11 15:34
704;;2018-10-23;Tender France;toni.haensel;2021-02-11 15:44
705;;2018-10-23;Tender France;toni.haensel;2021-02-11 15:53
706;;2018-10-23;Tender France;toni.haensel;2021-02-11 16:00
707;;2018-10-23;Tender France;toni.haensel;2021-02-12 10:51
708;;2018-10-23;Tender France;toni.haensel;2021-02-12 11:48
709;;2018-10-23;Tender France;toni.haensel;2021-02-12 12:03
710;;2018-10-23;Tender France;toni.haensel;2021-02-12 14:19
711;;2018-10-23;Tender France;toni.haensel;2021-02-12 14:50
712;;2018-10-23;Tender France;toni.haensel;2021-02-12 15:15
713;;2018-10-30;Tender France;toni.haensel;2021-02-12 17:17
714;;2018-10-23;Tender France;toni.haensel;2021-02-12 17:32
715;;2018-10-23;Tender France;toni.haensel;2021-02-15 12:34
716;;2018-10-23;Tender France;toni.haensel;2021-02-15 18:36
717;;2018-10-23;Tender France;toni.haensel;2021-02-15 19:10
718;;2018-10-23;Tender France;toni.haensel;2021-02-16 12:21
719;;2018-10-23;Tender France;toni.haensel;2021-02-16 12:51
720;;2020-10-26;Angebot per Mail;toni.haensel;2021-02-17 08:12
721;;2020-10-26;Angebot per Mail;toni.haensel;2021-02-17 08:22
722;;2020-10-26;Angebot per Mail;toni.haensel;2021-02-17 08:34
723;;2021-02-16;Angebot per Mail;toni.haensel;2021-02-17 09:34
724;;2018-10-15;Tender France;toni.haensel;2021-02-17 10:35
725;;2018-10-15;Tender France;toni.haensel;2021-02-17 11:51
726;;2018-10-15;Tender France;toni.haensel;2021-02-17 13:24
727;;2021-02-17; Schätzung für WEA Preis bezieht sich auf Mischlayout (insgesamt 8 WEA,  3 davon sind kleinerer Ausführung);toni.haensel;2021-02-18 08:15
728;;2018-10-15;Tender France;toni.haensel;2021-02-18 09:40
729;;2021-02-17;Schätzung WEA-Preis bezieht sich auf Mischlayout (insgesamt 8 WEA,  3 davon sind kleinerer Ausführung);toni.haensel;2021-02-18 10:41
730;;2021-02-17;Schätzung für WEA Preis bezieht sich auf Mischlayout (insgesamt 8 WEA,  3 davon sind kleinerer Ausführung);toni.haensel;2021-02-18 11:12
731;;2021-02-17;Schaetzung für WEA Preis bezieht sich auf Mischlayout (insgesamt 8 WEA,  3 davon sind kleinerer Ausfuehrung);toni.haensel;2021-02-18 12:22
732;;2021-02-17;Schaetzung für WEA Preis bezieht sich auf Mischlayout (insgesamt 8 WEA,  3 davon sind kleinerer Ausfuehrung);toni.haensel;2021-02-18 12:43
733;;2021-02-17;Schaetzung für WEA Preis bezieht sich auf Mischlayout (insgesamt 8 WEA,  3 davon sind kleinerer Ausfuehrung);toni.haensel;2021-02-18 14:06
734;;2018-10-15;Tender France;toni.haensel;2021-02-19 08:37
735;;2018-10-15;Tender France;toni.haensel;2021-02-19 09:40
736;;2018-10-15;Tender France;toni.haensel;2021-02-23 15:58
737;;2018-10-15;Tender France;toni.haensel;2021-02-23 17:00
738;;2018-10-15;Tender France;toni.haensel;2021-02-24 08:09
739;;2018-10-15;Tender France;toni.haensel;2021-02-24 16:38
740;;2018-10-15;Tender France;toni.haensel;2021-02-24 17:07
741;;2018-10-15;Tender France;toni.haensel;2021-02-25 11:44
742;;2020-07-13;;ivaylo.petrov;2021-03-19 16:51
743;;2010-10-04;;driss.marzouk;2021-03-30 15:44
744;;2021-03-30;;ivaylo.petrov;2021-04-07 13:44
745;;2021-03-30;;ivaylo.petrov;2021-04-07 14:14
746;;2021-04-07;;ivaylo.petrov;2021-04-07 14:43
747;;2018-03-09;;driss.marzouk;2021-04-12 10:01
748;;2018-03-09;;driss.marzouk;2021-04-12 11:37
749;;2018-03-09;;driss.marzouk;2021-04-16 09:01
750;;2018-03-09;;driss.marzouk;2021-04-16 10:14
751;;2018-03-09;;driss.marzouk;2021-04-16 11:14
752;;2018-09-11;Update of binding offer Dargikowo;driss.marzouk;2021-04-19 11:52
753;;2019-06-26;;ivaylo.petrov;2021-04-28 16:40
754;;2021-04-28;mündlich;ivaylo.petrov;2021-04-28 16:57
755;;2021-04-27;unverbindliches Angebot;ivaylo.petrov;2021-05-07 14:34
756;;2021-05-06;unverbindliches Angebot;ivaylo.petrov;2021-05-10 15:01
757;;2021-05-04;unverbindliches Angebot;ivaylo.petrov;2021-05-12 10:42
758;;2021-07-07;;marc.speri;2021-07-12 08:50
760;;2021-07-07;;marc.speri;2021-07-12 10:22
764;;2021-07-16;Non-binding offer;marc.speri;2022-03-29 11:58
765;;2021-07-30;;marc.speri;2022-03-29 12:44
766;;2022-03-31;Indikatives Angebot  Preise aus Angebot + CMS-Option;marc.speri;2022-04-01 08:41
767;;2022-03-25;Indikatives Angebot;marc.speri;2022-04-01 09:07
768;;2021-12-17;;driss.marzouk;2022-04-01 12:26
769;;2021-12-10;;driss.marzouk;2022-04-04 11:17
770;;2021-12-17;;driss.marzouk;2022-04-04 14:00
771;;2022-01-28;;driss.marzouk;2022-04-05 09:09
773;;2021-07-30;;marc.speri;2022-04-06 16:32
774;;2021-08-25;Richtpreisindikation;marc.speri;2022-04-06 16:38
775;;2021-10-07;Indikativangebot;marc.speri;2022-04-06 16:50
776;;2021-09-21;Project VN Thang Hung;marc.speri;2022-04-07 08:51
777;;2021-09-30;Verbindliches Angebot,  Eingetragene Preise = Angebotspreis + CMS Option;marc.speri;2022-04-07 09:04
778;;2022-03-16;Indikativangebot;marc.speri;2022-04-07 09:23
779;;2021-10-21;;driss.marzouk;2022-04-08 09:39
780;;2022-04-08;Indikation;marc.speri;2022-04-11 10:02
781;;2021-10-08;RADAN Windprojekte Polen  NH V150 = 100 m;marc.speri;2022-04-11 12:51
782;;2021-10-20;Budgetary offer;marc.speri;2022-04-11 13:09
783;;2021-10-26;;marc.speri;2022-04-11 13:27
784;;2022-04-12;;ivaylo.petrov;2022-04-13 08:47
785;;2021-10-29;;marc.speri;2022-04-20 09:57
786;;2021-11-17;Unverbindliches Angebot;marc.speri;2022-04-20 10:11
788;;2021-10-25;;marc.speri;2022-04-22 09:10
789;;2021-12-02;;marc.speri;2022-04-22 09:17
790;;2022-03-02;Binding Offer;marc.speri;2022-05-03 10:06
791;;2021-12-23;;marc.speri;2022-05-31 17:06
792;;2021-12-12;;marc.speri;2022-05-31 17:23
793;;2022-02-14;;marc.speri;2022-05-31 17:50
794;;2022-02-25;;marc.speri;2022-06-03 09:45
795;;2022-06-22;Indikation Vestas 22.06.2022 inkl. Wetterrisiko 100% Vestas,  Übergabepunkt Rastplatz;marc.speri;2022-06-22 11:45
796;;2022-06-15;Indikation mit und ohne Streckenausbaukosten bis WF-Einfahrt;marc.speri;2022-06-22 12:03
797;;2022-06-27;Richtpreisangebot;marc.speri;2022-06-27 14:55
798;;2022-06-23;WEA-Preis inkl. Fundament;marc.speri;2022-07-01 14:45
799;;2022-06-27;Richtpreisangebot;marc.speri;2022-07-01 17:10
800;;2022-06-27;Richtpreisangebot;marc.speri;2022-07-01 17:20
801;;2022-07-01;Estimative pricing 317 MW Jessa M+S based on old layout;marc.speri;2022-07-01 17:34
802;;2022-07-04;Indicative Proposal Exchange Rates for WTG price: 16,87 USD/ZAR, 6,71 USD/CNY;marc.speri;2022-07-04 17:21
803;;2022-07-04;Indicative Proposal;marc.speri;2022-07-04 17:46
804;;2022-07-06;Unverbindliches Angebot;marc.speri;2022-07-06 13:20
805;;2022-07-05;Non-binding offer 28% of the total Price is in ZAR and 72% in EUR. The spot exchange rate considered: EUR to ZAR: 16.65,marc.speri,06.07.2022 13:40:58;marc.speri;2022-07-06 13:40
806;;2022-07-05;Non-binding offer 28% of the total Price is in ZAR and 72% in EUR The spot exchange rate considered: EUR to ZAR: 16.65;marc.speri;2022-07-06 13:56
807;;2022-07-01;Budgetary Proposal Price split: EUR: 1,345,760   USD 1,944,440, ZAR 22,990,700 (total in EUR 4,564,474) Exchange rates: EUR-USD: 1.05, EUR-ZAR 16.82;marc.speri;2022-07-07 16:10
808;;2022-07-12;;marc.speri;2022-07-13 15:12
809;;2022-05-07;Indikativangebot;marc.speri;2022-07-13 17:20
810;;2022-07-26;Indikativangebot;marc.speri;2022-07-27 09:01
811;;2022-07-28;Binding Proposal;marc.speri;2022-07-29 10:57
812;;2022-07-29;Indikativpreise;marc.speri;2022-08-03 11:40
815;;2022-07-29;;marc.speri;2022-08-03 11:42
816;;2022-07-11;;ivaylo.petrov;2022-08-09 08:43
817;;2022-07-22;Indicative Proposal;marc.speri;2022-08-10 09:49
818;;2022-04-22;;marc.speri;2022-08-10 10:08
821;;2022-09-02;;marc.speri;2022-09-02 15:32
822;;2022-09-07;;marc.speri;2022-09-07 13:44
823;;2022-09-08;;ivaylo.petrov;2022-09-13 13:54
824;;2022-09-08;;marc.speri;2022-09-13 16:22
825;;2022-09-20;inkl. Indexierung Bunkerpreise,  ausschließlich bei Bunkerpreis-Erhöhung:  (Actual Bunker Rate (Bill of Landing date) – Bunker Rate (reference September 19th, 2022)) / 5USD * (6% of Contract price) * 0,6%;marc.speri;2022-09-26 09:45
826;;2022-09-14;;marc.speri;2022-10-24 16:27
827;;2022-11-01;;marc.speri;2022-11-01 13:12
828;;2022-11-07;;marc.speri;2022-11-07 14:14
829;;2022-11-08;;marc.speri;2022-11-08 10:30
830;;2022-11-08;Zuruf auf den Spreewindtagen;ivaylo.petrov;2022-11-17 13:37
831;;2022-11-23;;marc.speri;2022-11-24 12:12
832;;2023-01-18;Indikativangebot;marc.speri;2023-01-18 13:06
833;;2023-01-20;;marc.speri;2023-01-20 16:51
834;;2023-01-24;WEA-Preis setzt sich zusammen aus Preisanteil EUR (1.807.790 EUR), USD (2.123.563), ZAR (38.063.178 ZAR) Angegebener WEA-Preis in EUR auf Basis der folgenden Wechselkurse: EUR - USD: 1,03 EUR - ZAR: 17,51;marc.speri;2023-01-24 11:27
835;;2023-01-24;;marc.speri;2023-01-24 13:52
836;;2023-01-27;;marc.speri;2023-01-27 14:07
837;;2022-11-07;;marc.speri;2023-02-09 16:43
838;;2022-11-09;;marc.speri;2023-02-09 17:24
839;;2023-02-13;;marc.speri;2023-02-13 13:28
840;;2023-02-13;;marc.speri;2023-02-14 13:08
841;;2023-02-16;WTG price composed of price components in ZAR, CNY and USD. Exchange rates applied for WTG price (USD) in databse: CNY/USD: 0,1458 ZAR/USD: 0,055;marc.speri;2023-02-20 13:16
842;;2023-02-20;;marc.speri;2023-02-20 17:41
844;;2023-02-13;;marc.speri;2023-02-28 08:41
845;;2023-02-13;;marc.speri;2023-02-28 08:49
846;;2023-03-15;;marc.speri;2023-03-17 16:33
847;;2023-03-27;unverbindliches Angebot;marc.speri;2023-04-05 14:14
848;;2023-03-27;unverbindliches Angebot;marc.speri;2023-04-05 14:30
849;;2023-03-27;unverbindliches Angebot;marc.speri;2023-04-05 14:34
850;;2022-11-10;;marc.speri;2023-04-21 09:20
851;;2023-04-21;;marc.speri;2023-04-24 08:41
852;;2023-04-27;Price indication - V166-4.5MW - HH not specified;saad.bouzid@enertrag.com;2023-04-27 16:15
853;;2023-04-27;;marc.speri;2023-05-05 08:50
854;;2023-05-05;;marc.speri;2023-05-05 08:53
855;;2023-05-08;;marc.speri;2023-05-15 16:46
856;;2023-05-18;Richtpreistabelle Nordex Q2/2023;marc.speri;2023-05-24 08:46
857;;2022-12-19;;ivaylo.petrov;2023-06-26 13:21
858;;2023-07-12;;ivaylo.petrov;2023-07-12 15:15
860;;2023-07-26;;marc.speri;2023-07-26 15:54
861;;2023-07-26;;kevin.pietka;2023-07-27 09:50
862;;2023-07-26;;kevin.pietka;2023-07-27 10:06
863;;2023-07-26;;kevin.pietka;2023-07-27 10:46
864;;2023-07-26;;kevin.pietka;2023-07-27 10:58
865;;2023-07-26;;kevin.pietka;2023-07-27 11:11
866;;2023-07-26;;kevin.pietka;2023-07-27 11:21
867;;2023-07-26;;kevin.pietka;2023-07-31 10:24
868;;2023-07-26;;kevin.pietka;2023-07-31 10:50
869;;2023-07-26;;kevin.pietka;2023-07-31 11:02
870;;2023-08-02;;kevin.pietka;2023-08-02 11:08
871;;2023-07-21;;kevin.pietka;2023-08-23 14:03
872;;2023-07-25;WTG prices: mixed currencies  - EUR/USD: 1,085   EUR/CNY: 7,910  EUR/ZAR: 20,25  EUR/CNY: 7,910;kevin.pietka;2023-08-23 14:26
874;;2023-08-18;;kevin.pietka;2023-08-23 15:51
875;;2023-08-18;;kevin.pietka;2023-08-23 15:56
876;;2023-08-11;;kevin.pietka;2023-08-24 11:28
877;;2023-08-11;;kevin.pietka;2023-08-24 11:36
879;;2023-07-05;Richtpreistabelle Nordex Q3/2023;kevin.pietka;2023-08-24 11:57
880;;2023-08-29;;kevin.pietka;2023-09-01 10:19
881;;2023-08-29;;kevin.pietka;2023-09-01 10:22
882;;2023-08-29;;kevin.pietka;2023-09-01 10:24
883;;2023-09-05;;kevin.pietka;2023-09-05 16:25
884;;2023-09-08;exchanges rates EUR/USD 1.08 EUR/ZAR 20.46;kevin.pietka;2023-09-25 09:15
885;;2023-09-25;;kevin.pietka;2023-09-25 15:01
887;;2023-09-25;;kevin.pietka;2023-09-25 15:44
888;;2023-09-25;;kevin.pietka;2023-09-25 15:57
889;;2023-09-25;;kevin.pietka;2023-09-25 16:33
890;;2023-09-29;;kevin.pietka;2023-09-29 10:43
891;;2023-10-04;;kevin.pietka;2023-10-05 14:35
892;;2023-10-04;;kevin.pietka;2023-10-05 14:43
893;;2023-10-04;;kevin.pietka;2023-10-05 14:47
894;;2023-10-04;;kevin.pietka;2023-10-05 15:26
895;;2023-10-06;;kevin.pietka;2023-10-06 09:41
