1;;579;3514821;Euro;;;keine Angabe;jacob.koenig;2017-11-21 19:05;1;3514821
2;;520;3606506.67;Euro;;;keine Angabe;jacob.koenig;2017-11-21 19:05;2;3780506.67
3;;595;3380000;Euro;;;keine Angabe;jacob.koenig;2017-11-21 19:05;3;3580000
4;;559;3651000;Euro;;;keine Angabe;jacob.koenig;2017-11-21 19:05;4;3851000
5;;559;3510000;Euro;;;keine Angabe;jacob.koenig;2017-11-21 19:05;5;3710000
6;;523;3760000;Euro;;;keine Angabe;jacob.koenig;2017-11-21 19:05;6;3760000
7;;545;3394250;Euro;;;keine Angabe;jacob.koenig;2017-11-21 19:05;7;3656250
8;;535;4115506.67;Euro;;;keine Angabe;jacob.koenig;2017-11-21 19:05;8;4335506.67
9;;535;4035000;Euro;;;keine Angabe;jacob.koenig;2017-11-21 19:05;9;4233000
10;;535;3925000;Euro;;;keine Angabe;jacob.koenig;2017-11-21 19:05;10;4123000
11;;594;3925000;Euro;;;keine Angabe;jacob.koenig;2017-11-21 19:05;11;4123000
12;;594;3860000;Euro;;;keine Angabe;jacob.koenig;2017-11-21 19:05;12;4058000
13;;594;3815000;Euro;;;keine Angabe;jacob.koenig;2017-11-21 19:05;13;4013000
14;;588;4300000;Euro;;;keine Angabe;jacob.koenig;2017-11-21 19:05;14;4300000
15;;588;4192000;Euro;;;keine Angabe;jacob.koenig;2017-11-21 19:05;15;4192000
16;;588;4250000;Euro;;;keine Angabe;jacob.koenig;2017-11-21 19:05;16;4250000
17;;588;3767000;Euro;;;keine Angabe;jacob.koenig;2017-11-21 19:05;17;3767000
18;;588;3752000;Euro;;;keine Angabe;jacob.koenig;2017-11-21 19:05;18;3752000
19;;588;3672000;Euro;;;keine Angabe;jacob.koenig;2017-11-21 19:05;19;3672000
20;;591;3690000;Euro;;;keine Angabe;jacob.koenig;2017-11-21 19:05;20;3690000
21;;591;3850000;Euro;;;keine Angabe;jacob.koenig;2017-11-21 19:05;21;3850000
22;;591;3930000;Euro;;;keine Angabe;jacob.koenig;2017-11-21 19:05;22;3930000
23;;540;3969300;Euro;;;keine Angabe;jacob.koenig;2017-11-21 19:05;23;3969300
24;;552;4600000;Euro;;;keine Angabe;jacob.koenig;2017-11-21 19:05;24;4600000
25;;552;5050000;Euro;;;keine Angabe;jacob.koenig;2017-11-21 19:05;25;5050000
26;;533;2190000;Euro;;;keine Angabe;jacob.koenig;2017-11-21 19:05;26;2190000
27;;533;2190000;Euro;;;keine Angabe;jacob.koenig;2017-11-21 19:05;27;2190000
28;;579;3590000;Euro;;;keine Angabe;jacob.koenig;2017-11-21 19:05;28;3590000
29;;579;3560000;Euro;;;keine Angabe;jacob.koenig;2017-11-21 19:05;29;3560000
30;;579;3549821;Euro;;;keine Angabe;jacob.koenig;2017-11-21 19:05;30;3549821
31;;520;3626918;Euro;;;keine Angabe;jacob.koenig;2017-11-21 19:05;31;3800918
32;;521;4059518;Euro;;;keine Angabe;jacob.koenig;2017-11-21 19:05;32;4268518
33;;559;3651000;Euro;;;keine Angabe;jacob.koenig;2017-11-21 19:05;33;3851000
34;;545;3417400;Euro;;;keine Angabe;jacob.koenig;2017-11-21 19:05;34;3679400
35;;588;4600000;Euro;;;keine Angabe;jacob.koenig;2017-11-21 19:05;35;4600000
36;;540;4089300;Euro;;;keine Angabe;jacob.koenig;2017-11-21 19:05;36;4089300
37;;552;5500000;Euro;;;keine Angabe;jacob.koenig;2017-11-21 19:05;37;5500000
38;;552;5050000;Euro;;;keine Angabe;jacob.koenig;2017-11-21 19:05;38;5050000
39;;579;3514821;Euro;;;keine Angabe;jacob.koenig;2017-11-21 19:05;39;3514821
40;;589;3709300;Euro;;;keine Angabe;jacob.koenig;2017-11-21 19:05;40;3709300
41;;521;4515173.33;Euro;;;keine Angabe;jacob.koenig;2017-11-21 19:05;41;4724173.33
42;;559;3651000;Euro;;;keine Angabe;jacob.koenig;2017-11-21 19:05;42;3851000
43;;593;4600000;Euro;;;keine Angabe;jacob.koenig;2017-11-21 19:05;43;4600000
44;;593;4152000;Euro;;;keine Angabe;jacob.koenig;2017-11-21 19:05;44;4152000
45;;593;4472000;Euro;;;keine Angabe;jacob.koenig;2017-11-21 19:05;45;4472000
46;;593;4167000;Euro;;;keine Angabe;jacob.koenig;2017-11-21 19:05;46;4167000
47;;593;4072000;Euro;;;keine Angabe;jacob.koenig;2017-11-21 19:05;47;4072000
48;;523;4085000;Euro;;;keine Angabe;jacob.koenig;2017-11-21 19:05;48;4085000
49;;545;3399166.67;Euro;;;keine Angabe;jacob.koenig;2017-11-21 19:05;49;3661166.67
50;;535;4343673.33;Euro;;;keine Angabe;jacob.koenig;2017-11-21 19:05;50;4563673.33
51;;535;4240666.67;Euro;;;keine Angabe;jacob.koenig;2017-11-21 19:05;51;4438666.67
52;;588;4600000;Euro;;;keine Angabe;jacob.koenig;2017-11-21 19:05;52;4600000
53;;540;3969300;Euro;;;keine Angabe;jacob.koenig;2017-11-21 19:05;53;3969300
54;;540;4389300;Euro;;;keine Angabe;jacob.koenig;2017-11-21 19:05;54;4389300
55;;552;5500000;Euro;;;keine Angabe;jacob.koenig;2017-11-21 19:05;55;5500000
56;;579;3514821;Euro;;;keine Angabe;jacob.koenig;2017-11-21 19:05;56;3514821
57;;520;3618918;Euro;;;keine Angabe;jacob.koenig;2017-11-21 19:05;57;3792918
58;;559;3651000;Euro;;;keine Angabe;jacob.koenig;2017-11-21 19:05;58;3851000
59;;523;4055000;Euro;;;keine Angabe;jacob.koenig;2017-11-21 19:05;59;4055000
60;;545;3413000;Euro;;;keine Angabe;jacob.koenig;2017-11-21 19:05;60;3675000
61;;535;4276518;Euro;;;keine Angabe;jacob.koenig;2017-11-21 19:05;61;4496518
62;;535;4195000;Euro;;;keine Angabe;jacob.koenig;2017-11-21 19:05;62;4393000
63;;588;4600000;Euro;;;keine Angabe;jacob.koenig;2017-11-21 19:05;63;4600000
64;;540;3969300;Euro;;;keine Angabe;jacob.koenig;2017-11-21 19:05;64;3969300
65;;540;4389300;Euro;;;keine Angabe;jacob.koenig;2017-11-21 19:05;65;4389300
66;;552;5500000;Euro;;;keine Angabe;jacob.koenig;2017-11-21 19:05;66;5500000
67;;552;5500000;Euro;;;keine Angabe;jacob.koenig;2017-11-21 19:05;67;5500000
68;;588;4570000;Euro;;;keine Angabe;jacob.koenig;2017-11-21 19:05;68;4570000
69;;559;3651000;Euro;;;keine Angabe;jacob.koenig;2017-11-21 19:05;69;3851000
70;;523;4055000;Euro;;;keine Angabe;jacob.koenig;2017-11-21 19:05;70;4055000
71;;523;3749821;Euro;;;keine Angabe;jacob.koenig;2017-11-21 19:05;71;3749821
72;;545;3400000;Euro;;;keine Angabe;jacob.koenig;2017-11-21 19:05;72;3662000
73;;535;4277340;Euro;;;keine Angabe;jacob.koenig;2017-11-21 19:05;73;4497340
74;;535;4240666.67;Euro;;;keine Angabe;jacob.koenig;2017-11-21 19:05;74;4438666.67
75;;588;4600000;Euro;;;keine Angabe;jacob.koenig;2017-11-21 19:05;75;4600000
76;;540;3969300;Euro;;;keine Angabe;jacob.koenig;2017-11-21 19:05;76;3969300
77;;540;4389300;Euro;;;keine Angabe;jacob.koenig;2017-11-21 19:05;77;4389300
78;;552;5500000;Euro;;;keine Angabe;jacob.koenig;2017-11-21 19:05;78;5500000
79;;552;5500000;Euro;;;keine Angabe;jacob.koenig;2017-11-21 19:05;79;5500000
80;;33;781100;Euro;;;keine Angabe;jacob.koenig;2017-11-21 19:05;80;781100
81;;147;900000;Euro;;;keine Angabe;jacob.koenig;2017-11-21 19:05;81;900000
82;;138;2300000;Euro;;;keine Angabe;jacob.koenig;2017-11-21 19:05;82;2300000
83;;138;2500000;Euro;;;keine Angabe;jacob.koenig;2017-11-21 19:05;83;2500000
84;;138;2200000;Euro;;;keine Angabe;jacob.koenig;2017-11-21 19:05;84;2200000
85;;138;2500000;Euro;;;keine Angabe;jacob.koenig;2017-11-21 19:05;85;2500000
86;;138;2250000;Euro;;;keine Angabe;jacob.koenig;2017-11-21 19:05;86;2250000
87;;138;2250000;Euro;;;keine Angabe;jacob.koenig;2017-11-21 19:05;87;2250000
88;;138;2080000;Euro;;;keine Angabe;jacob.koenig;2017-11-21 19:05;88;2080000
89;;138;2250000;Euro;;;keine Angabe;jacob.koenig;2017-11-21 19:05;89;2250000
90;;138;2250000;Euro;;;keine Angabe;jacob.koenig;2017-11-21 19:05;90;2250001
91;;138;2200000;Euro;;;keine Angabe;jacob.koenig;2017-11-21 19:05;91;2200000
92;;138;2000000;Euro;;;keine Angabe;jacob.koenig;2017-11-21 19:05;92;2000000
93;;138;1960000;Euro;;;keine Angabe;jacob.koenig;2017-11-21 19:05;93;1960000
94;;138;1750000;Euro;;;keine Angabe;jacob.koenig;2017-11-21 19:05;94;1750000
95;;138;1750000;Euro;;;keine Angabe;jacob.koenig;2017-11-21 19:05;95;1750001
96;;64;2250000;Euro;;;keine Angabe;jacob.koenig;2017-11-21 19:05;96;2250000
97;;64;2250000;Euro;;;keine Angabe;jacob.koenig;2017-11-21 19:05;97;2250000
98;;64;2050000;Euro;;;keine Angabe;jacob.koenig;2017-11-21 19:05;98;2050000
99;;64;2050000;Euro;;;keine Angabe;jacob.koenig;2017-11-21 19:05;99;2050000
100;;64;2000000;Euro;;;keine Angabe;jacob.koenig;2017-11-21 19:05;100;2000000
101;;64;2000000;Euro;;;keine Angabe;jacob.koenig;2017-11-21 19:05;101;2000000
102;;64;2080000;Euro;;;keine Angabe;jacob.koenig;2017-11-21 19:05;102;2080000
103;;64;1800000;Euro;;;keine Angabe;jacob.koenig;2017-11-21 19:05;103;1800000
104;;64;1800000;Euro;;;keine Angabe;jacob.koenig;2017-11-21 19:05;104;1800000
105;;64;1500000;Euro;;;keine Angabe;jacob.koenig;2017-11-21 19:05;105;1500000
106;;64;1500000;Euro;;;keine Angabe;jacob.koenig;2017-11-21 19:05;106;1500000
107;;29;2050000;Euro;;;keine Angabe;jacob.koenig;2017-11-21 19:05;107;2104287
108;;141;2150000;Euro;;;keine Angabe;jacob.koenig;2017-11-21 19:05;108;2275664
109;;298;2400000;Euro;;;keine Angabe;jacob.koenig;2017-11-21 19:05;109;2550000
110;;298;2400000;Euro;;;keine Angabe;jacob.koenig;2017-11-21 19:05;110;2550000
111;;298;2100000;Euro;;;keine Angabe;jacob.koenig;2017-11-21 19:05;111;2200000
112;;298;2100000;Euro;;;keine Angabe;jacob.koenig;2017-11-21 19:05;112;2200000
113;;298;1900000;Euro;;;keine Angabe;jacob.koenig;2017-11-21 19:05;113;2000000
114;;298;1900000;Euro;;;keine Angabe;jacob.koenig;2017-11-21 19:05;114;2000000
115;;83;2200000;Euro;;;keine Angabe;jacob.koenig;2017-11-21 19:05;115;2350000
116;;83;2200000;Euro;;;keine Angabe;jacob.koenig;2017-11-21 19:05;116;2350000
117;;83;1900000;Euro;;;keine Angabe;jacob.koenig;2017-11-21 19:05;117;2000000
118;;83;1900000;Euro;;;keine Angabe;jacob.koenig;2017-11-21 19:05;118;2000000
119;;83;1550000;Euro;;;keine Angabe;jacob.koenig;2017-11-21 19:05;119;1650000
120;;83;1550000;Euro;;;keine Angabe;jacob.koenig;2017-11-21 19:05;120;1650000
121;;208;3050000;Euro;;;keine Angabe;jacob.koenig;2017-11-21 19:05;121;3050000
122;;208;2950000;Euro;;;keine Angabe;jacob.koenig;2017-11-21 19:05;122;2950000
123;;208;2700000;Euro;;;keine Angabe;jacob.koenig;2017-11-21 19:05;123;2700000
124;;208;2475000;Euro;;;keine Angabe;jacob.koenig;2017-11-21 19:05;124;2475000
125;;208;2350000;Euro;;;keine Angabe;jacob.koenig;2017-11-21 19:05;125;2350000
126;;208;2280000;Euro;;;keine Angabe;jacob.koenig;2017-11-21 19:05;126;2280000
127;;208;2381000;Euro;;;keine Angabe;jacob.koenig;2017-11-21 19:05;127;2381000
128;;208;2110000;Euro;;;keine Angabe;jacob.koenig;2017-11-21 19:05;128;2110000
129;;208;2110000;Euro;;;keine Angabe;jacob.koenig;2017-11-21 19:05;129;2110000
130;;208;2100000;Euro;;;keine Angabe;jacob.koenig;2017-11-21 19:05;130;2100000
131;;208;2100000;Euro;;;keine Angabe;jacob.koenig;2017-11-21 19:05;131;2100001
132;;257;3110000;Euro;;;keine Angabe;jacob.koenig;2017-11-21 19:05;132;3110000
133;;257;2850000;Euro;;;keine Angabe;jacob.koenig;2017-11-21 19:05;133;2850000
134;;208;3050000;Euro;;;keine Angabe;jacob.koenig;2017-11-21 19:05;134;3050000
135;;208;2950000;Euro;;;keine Angabe;jacob.koenig;2017-11-21 19:05;135;2950000
136;;208;2700000;Euro;;;keine Angabe;jacob.koenig;2017-11-21 19:05;136;2700000
137;;208;2425000;Euro;;;keine Angabe;jacob.koenig;2017-11-21 19:05;137;2425000
138;;208;2510000;Euro;;;keine Angabe;jacob.koenig;2017-11-21 19:05;138;2510000
139;;208;2381000;Euro;;;keine Angabe;jacob.koenig;2017-11-21 19:05;139;2381000
140;;208;2260000;Euro;;;keine Angabe;jacob.koenig;2017-11-21 19:05;140;2260000
141;;208;2150000;Euro;;;keine Angabe;jacob.koenig;2017-11-21 19:05;141;2150000
142;;42;2840000;Euro;;;keine Angabe;jacob.koenig;2017-11-21 19:05;142;2840000
143;;42;2550000;Euro;;;keine Angabe;jacob.koenig;2017-11-21 19:05;143;2550000
144;;42;2450000;Euro;;;keine Angabe;jacob.koenig;2017-11-21 19:05;144;2450000
145;;42;2350000;Euro;;;keine Angabe;jacob.koenig;2017-11-21 19:05;145;2350000
146;;42;2050000;Euro;;;keine Angabe;jacob.koenig;2017-11-21 19:05;146;2050000
147;;42;2200000;Euro;;;keine Angabe;jacob.koenig;2017-11-21 19:05;147;2200000
148;;154;1700000;Euro;;;keine Angabe;jacob.koenig;2017-11-21 19:05;148;1809478
149;;63;2300000;Euro;;;keine Angabe;jacob.koenig;2017-11-21 19:05;149;2466995
150;;63;2100000;Euro;;;keine Angabe;jacob.koenig;2017-11-21 19:05;150;2266995
151;;63;2700000;Euro;;;keine Angabe;jacob.koenig;2017-11-21 19:05;151;2774432
152;;32;1998000;Euro;;;keine Angabe;jacob.koenig;2017-11-21 19:05;152;2164995
153;;32;2250000;Euro;;;keine Angabe;jacob.koenig;2017-11-21 19:05;153;2416995
154;;32;1900000;Euro;;;keine Angabe;jacob.koenig;2017-11-21 19:05;154;2051091
155;;32;1800000;Euro;;;keine Angabe;jacob.koenig;2017-11-21 19:05;155;1950000
156;;143;1800000;Euro;;;keine Angabe;jacob.koenig;2017-11-21 19:05;156;1950000
157;;157;2261600;Euro;;;keine Angabe;jacob.koenig;2017-11-21 19:05;157;2420643
158;;158;2350000;Euro;;;keine Angabe;jacob.koenig;2017-11-21 19:05;158;2450000
159;;158;2350000;Euro;;;keine Angabe;jacob.koenig;2017-11-21 19:05;159;2450000
160;;158;2200000;Euro;;;keine Angabe;jacob.koenig;2017-11-21 19:05;160;2300000
161;;158;2200000;Euro;;;keine Angabe;jacob.koenig;2017-11-21 19:05;161;2300000
162;;150;1980000;Euro;;;keine Angabe;jacob.koenig;2017-11-21 19:05;162;2140000
163;;150;1870000;Euro;;;keine Angabe;jacob.koenig;2017-11-21 19:05;163;2020000
164;;150;1800000;Euro;;;keine Angabe;jacob.koenig;2017-11-21 19:05;164;1950000
165;;294;2950000;Euro;;;keine Angabe;jacob.koenig;2017-11-21 19:05;165;2950000
166;;294;3000000;Euro;;;keine Angabe;jacob.koenig;2017-11-21 19:05;166;3000000
167;;294;3130000;Euro;;;keine Angabe;jacob.koenig;2017-11-21 19:05;167;3130000
168;;294;2750000;Euro;;;keine Angabe;jacob.koenig;2017-11-21 19:05;168;2750000
169;;294;2700000;Euro;;;keine Angabe;jacob.koenig;2017-11-21 19:05;169;2700000
170;;294;2650000;Euro;;;keine Angabe;jacob.koenig;2017-11-21 19:05;170;2650000
171;;294;2561000;Euro;;;keine Angabe;jacob.koenig;2017-11-21 19:05;171;2561000
172;;67;2422500;Euro;;;keine Angabe;jacob.koenig;2017-11-21 19:05;172;2594870
173;;67;2400000;Euro;;;keine Angabe;jacob.koenig;2017-11-21 19:05;173;2533000
174;;67;2330000;Euro;;;keine Angabe;jacob.koenig;2017-11-21 19:05;174;2463000
175;;67;2280450;Euro;;;keine Angabe;jacob.koenig;2017-11-21 19:05;175;2413421
176;;67;2323385;Euro;;;keine Angabe;jacob.koenig;2017-11-21 19:05;176;2406897
177;;39;2303750;Euro;;;keine Angabe;jacob.koenig;2017-11-21 19:05;177;2403750
178;;144;2950000;Euro;;;keine Angabe;jacob.koenig;2017-11-21 19:05;178;3100000
179;;144;2950000;Euro;;;keine Angabe;jacob.koenig;2017-11-21 19:05;179;3100000
180;;144;2850000;Euro;;;keine Angabe;jacob.koenig;2017-11-21 19:05;180;3000000
181;;144;2850000;Euro;;;keine Angabe;jacob.koenig;2017-11-21 19:05;181;3000000
182;;295;2640000;Euro;;;keine Angabe;jacob.koenig;2017-11-21 19:05;182;2820000
183;;295;1970000;Euro;;;keine Angabe;jacob.koenig;2017-11-21 19:05;183;2154995
184;;295;2078000;Euro;;;keine Angabe;jacob.koenig;2017-11-21 19:05;184;2239091
185;;295;1750000;Euro;;;keine Angabe;jacob.koenig;2017-11-21 19:05;185;1910000
186;;244;2295000;Euro;;;keine Angabe;jacob.koenig;2017-11-21 19:05;186;2491349
187;;191;2450000;Euro;;;keine Angabe;jacob.koenig;2017-11-21 19:05;187;2650000
188;;299;1880000;Euro;;;keine Angabe;jacob.koenig;2017-11-21 19:05;188;1880000
189;;299;1950000;Euro;;;keine Angabe;jacob.koenig;2017-11-21 19:05;189;2110000
190;;299;2000000;Euro;;;keine Angabe;jacob.koenig;2017-11-21 19:05;190;2160000
191;;299;2110000;Euro;;;keine Angabe;jacob.koenig;2017-11-21 19:05;191;2306349
192;;275;5900000;Euro;;;keine Angabe;jacob.koenig;2017-11-21 19:05;192;6100000
193;;275;5900000;Euro;;;keine Angabe;jacob.koenig;2017-11-21 19:05;193;6100000
194;;334;3500000;Euro;;;keine Angabe;jacob.koenig;2017-11-21 19:05;194;3500000
195;;34;3400000;Euro;;;keine Angabe;jacob.koenig;2017-11-21 19:05;195;3400000
196;;34;3240000;Euro;;;keine Angabe;jacob.koenig;2017-11-21 19:05;196;3240000
197;;34;3400000;Euro;;;keine Angabe;jacob.koenig;2017-11-21 19:05;197;3400000
198;;34;2357900;Euro;;;keine Angabe;jacob.koenig;2017-11-21 19:05;198;2547900
199;;34;2399000;Euro;;;keine Angabe;jacob.koenig;2017-11-21 19:05;199;2589000
200;;34;2410000;Euro;;;keine Angabe;jacob.koenig;2017-11-21 19:05;200;2410000
201;;34;2200000;Euro;;;keine Angabe;jacob.koenig;2017-11-21 19:05;201;2390000
202;;218;3095000;Euro;;;keine Angabe;jacob.koenig;2017-11-21 19:05;202;3285852
203;;218;2825000;Euro;;;keine Angabe;jacob.koenig;2017-11-21 19:05;203;3021349
204;;218;2940000;Euro;;;keine Angabe;jacob.koenig;2017-11-21 19:05;204;3081372
205;;327;3000000;Euro;;;keine Angabe;jacob.koenig;2017-11-21 19:05;205;3150000
206;;327;3000000;Euro;;;keine Angabe;jacob.koenig;2017-11-21 19:05;206;3150000
207;;327;2800000;Euro;;;keine Angabe;jacob.koenig;2017-11-21 19:05;207;2950000
208;;327;2800000;Euro;;;keine Angabe;jacob.koenig;2017-11-21 19:05;208;2950000
209;;327;2650000;Euro;;;keine Angabe;jacob.koenig;2017-11-21 19:05;209;2800000
210;;327;2650000;Euro;;;keine Angabe;jacob.koenig;2017-11-21 19:05;210;2800000
211;;73;2650000;Euro;;;keine Angabe;jacob.koenig;2017-11-21 19:05;211;2840000
212;;73;2615000;Euro;;;keine Angabe;jacob.koenig;2017-11-21 19:05;212;2756372
213;;191;2475000;Euro;;;keine Angabe;jacob.koenig;2017-11-21 19:05;213;2671349
214;;291;2961000;Euro;;;keine Angabe;jacob.koenig;2017-11-21 19:05;214;3160295
215;;291;3084000;Euro;;;keine Angabe;jacob.koenig;2017-11-21 19:05;215;3283295
216;;291;2800000;Euro;;;keine Angabe;jacob.koenig;2017-11-21 19:05;216;2907439
217;;285;2540900;Euro;;;keine Angabe;jacob.koenig;2017-11-21 19:05;217;2765900
218;;285;2520000;Euro;;;keine Angabe;jacob.koenig;2017-11-21 19:05;218;2663492
219;;285;2350000;Euro;;;keine Angabe;jacob.koenig;2017-11-21 19:05;219;2510237
220;;223;4100000;Euro;;;keine Angabe;jacob.koenig;2017-11-21 19:05;220;4100000
221;;223;4375000;Euro;;;keine Angabe;jacob.koenig;2017-11-21 19:05;221;4375000
222;;223;4100000;Euro;;;keine Angabe;jacob.koenig;2017-11-21 19:05;222;4100000
223;;223;4100000;Euro;;;keine Angabe;jacob.koenig;2017-11-21 19:05;223;4100000
224;;223;3720000;Euro;;;keine Angabe;jacob.koenig;2017-11-21 19:05;224;3720000
225;;517;2580000;Euro;;;keine Angabe;jacob.koenig;2017-11-21 19:05;225;2580000
226;;517;2500000;Euro;;;keine Angabe;jacob.koenig;2017-11-21 19:05;226;2500000
227;;517;2430000;Euro;;;keine Angabe;jacob.koenig;2017-11-21 19:05;227;2430000
228;;302;3020000;Euro;;;keine Angabe;jacob.koenig;2017-11-21 19:05;228;3205977
229;;302;2630000;Euro;;;keine Angabe;jacob.koenig;2017-11-21 19:05;229;2815976
230;;296;2800000;Euro;;;keine Angabe;jacob.koenig;2017-11-21 19:05;230;3000000
231;;296;2800000;Euro;;;keine Angabe;jacob.koenig;2017-11-21 19:05;231;3000000
232;;252;3000000;Euro;;;keine Angabe;jacob.koenig;2017-11-21 19:05;232;3184477
233;;252;2920000;Euro;;;keine Angabe;jacob.koenig;2017-11-21 19:05;233;3104477
234;;252;2730000;Euro;;;keine Angabe;jacob.koenig;2017-11-21 19:05;234;2938307
235;;252;2610000;Euro;;;keine Angabe;jacob.koenig;2017-11-21 19:05;235;2814766
237;;553;2600000;Euro;;;keine Angabe;jacob.koenig;2017-11-21 19:05;237;2600000
238;;236;4050000;Euro;;;keine Angabe;jacob.koenig;2017-11-21 19:05;238;4321835
239;;236;4049000;Euro;;;keine Angabe;jacob.koenig;2017-11-21 19:05;239;4244722
240;;236;3650000;Euro;;;keine Angabe;jacob.koenig;2017-11-21 19:05;240;3772326
241;;246;3600000;Euro;;;keine Angabe;jacob.koenig;2017-11-21 19:05;241;3750000
242;;246;3600000;Euro;;;keine Angabe;jacob.koenig;2017-11-21 19:05;242;3750000
243;;246;3550000;Euro;;;keine Angabe;jacob.koenig;2017-11-21 19:05;243;3700000
244;;246;3550000;Euro;;;keine Angabe;jacob.koenig;2017-11-21 19:05;244;3700000
245;;246;3400000;Euro;;;keine Angabe;jacob.koenig;2017-11-21 19:05;245;3550000
246;;246;3400000;Euro;;;keine Angabe;jacob.koenig;2017-11-21 19:05;246;3550000
247;;542;2970000;Euro;;;keine Angabe;jacob.koenig;2017-11-21 19:05;247;3170000
248;;542;2961000;Euro;;;keine Angabe;jacob.koenig;2017-11-21 19:05;248;3161000
249;;541;2739300;Euro;;;keine Angabe;jacob.koenig;2017-11-21 19:05;249;2964300
250;;541;2490900;Euro;;;keine Angabe;jacob.koenig;2017-11-21 19:05;250;2715900
251;;541;2378200;Euro;;;keine Angabe;jacob.koenig;2017-11-21 19:05;251;2603200
252;;546;2125000;Euro;;;keine Angabe;jacob.koenig;2017-11-21 19:05;252;2325000
253;;546;2110000;Euro;;;keine Angabe;jacob.koenig;2017-11-21 19:05;253;2310000
254;;546;2145000;Euro;;;keine Angabe;jacob.koenig;2017-11-21 19:05;254;2345000
255;;546;2150000;Euro;;;keine Angabe;jacob.koenig;2017-11-21 19:05;255;2350000
256;;328;2150000;Euro;;;keine Angabe;jacob.koenig;2017-11-21 19:05;256;2350000
257;;328;2640000;Euro;;;keine Angabe;jacob.koenig;2017-11-21 19:05;257;2840000
258;;328;2420000;Euro;;;keine Angabe;jacob.koenig;2017-11-21 19:05;258;2620000
259;;328;2150000;Euro;;;keine Angabe;jacob.koenig;2017-11-21 19:05;259;2300000
260;;328;2050000;Euro;;;keine Angabe;jacob.koenig;2017-11-21 19:05;260;2200000
261;;556;4200000;Euro;;;keine Angabe;jacob.koenig;2017-11-21 19:05;261;4200000
262;;329;3880000;Euro;;;keine Angabe;jacob.koenig;2017-11-21 19:05;262;4105000
263;;329;3650000;Euro;;;keine Angabe;jacob.koenig;2017-11-21 19:05;263;3875000
264;;329;3650000;Euro;;;keine Angabe;jacob.koenig;2017-11-21 19:05;264;3875000
265;;329;3850000;Euro;;;keine Angabe;jacob.koenig;2017-11-21 19:05;265;4025000
266;;329;3550000;Euro;;;keine Angabe;jacob.koenig;2017-11-21 19:05;266;3700000
267;;207;3830000;Euro;;;keine Angabe;jacob.koenig;2017-11-21 19:05;267;4055000
268;;207;3650000;Euro;;;keine Angabe;jacob.koenig;2017-11-21 19:05;268;3875000
269;;207;3800000;Euro;;;keine Angabe;jacob.koenig;2017-11-21 19:05;269;4093098
270;;207;3900000;Euro;;;keine Angabe;jacob.koenig;2017-11-21 19:05;270;4060000
271;;207;3500000;Euro;;;keine Angabe;jacob.koenig;2017-11-21 19:05;271;3731523
272;;543;3117647;Euro;;;keine Angabe;jacob.koenig;2017-11-21 19:05;272;3367647
273;;297;3950000;Euro;;;keine Angabe;jacob.koenig;2017-11-21 19:05;273;4200000
274;;297;3950000;Euro;;;keine Angabe;jacob.koenig;2017-11-21 19:05;274;4200000
275;;297;3423000;Euro;;;keine Angabe;jacob.koenig;2017-11-21 19:05;275;3673000
276;;297;3300000;Euro;;;keine Angabe;jacob.koenig;2017-11-21 19:05;276;3550000
277;;297;3084000;Euro;;;keine Angabe;jacob.koenig;2017-11-21 19:05;277;3334000
278;;270;3750000;Euro;;;keine Angabe;jacob.koenig;2017-11-21 19:05;278;4007237
279;;270;3751750;Euro;;;keine Angabe;jacob.koenig;2017-11-21 19:05;279;4008987
280;;524;3850000;Euro;;;keine Angabe;jacob.koenig;2017-11-21 19:05;280;3850000
281;;524;4090000;Euro;;;keine Angabe;jacob.koenig;2017-11-21 19:05;281;4090000
282;;524;3200000;Euro;;;keine Angabe;jacob.koenig;2017-11-21 19:05;282;3200000
283;;524;3050000;Euro;;;keine Angabe;jacob.koenig;2017-11-21 19:05;283;3050000
284;;524;3050000;Euro;;;keine Angabe;jacob.koenig;2017-11-21 19:05;284;3230000
285;;524;2800000;Euro;;;keine Angabe;jacob.koenig;2017-11-21 19:05;285;2800000
286;;263;3950000;Euro;;;keine Angabe;jacob.koenig;2017-11-21 19:05;286;3950000
287;;263;3990000;Euro;;;keine Angabe;jacob.koenig;2017-11-21 19:05;287;4215984
288;;263;3000000;Euro;;;keine Angabe;jacob.koenig;2017-11-21 19:05;288;3000000
289;;263;2750000;Euro;;;keine Angabe;jacob.koenig;2017-11-21 19:05;289;2750000
290;;532;2280000;Euro;;;keine Angabe;jacob.koenig;2017-11-21 19:05;290;2280000
291;;532;2480000;Euro;;;keine Angabe;jacob.koenig;2017-11-21 19:05;291;2680000
292;;538;5170000;Euro;;;keine Angabe;jacob.koenig;2017-11-21 19:05;292;5170000
293;;555;2950000;Euro;;;keine Angabe;jacob.koenig;2017-11-21 19:05;293;2950000
294;;555;3650000;Euro;;;keine Angabe;jacob.koenig;2017-11-21 19:05;294;3650000
295;;319;4550000;Euro;;;keine Angabe;jacob.koenig;2017-11-21 19:05;295;4550000
296;;333;4400000;Euro;;;keine Angabe;jacob.koenig;2017-11-21 19:05;296;4400000
297;;333;4600000;Euro;;;keine Angabe;jacob.koenig;2017-11-21 19:05;297;4600000
298;;525;3175000;Euro;;;keine Angabe;jacob.koenig;2017-11-21 19:05;298;3375000
299;;271;3600000;Euro;;;keine Angabe;jacob.koenig;2017-11-21 19:05;299;3600000
300;;271;3600000;Euro;;;keine Angabe;jacob.koenig;2017-11-21 19:05;300;3600000
301;;271;3450000;Euro;;;keine Angabe;jacob.koenig;2017-11-21 19:05;301;3450000
302;;271;2800000;Euro;;;keine Angabe;jacob.koenig;2017-11-21 19:05;302;3050000
303;;271;3050000;Euro;;;keine Angabe;jacob.koenig;2017-11-21 19:05;303;3300000
304;;271;3050000;Euro;;;keine Angabe;jacob.koenig;2017-11-21 19:05;304;3282228
305;;271;2390000;Euro;;;keine Angabe;jacob.koenig;2017-11-21 19:05;305;2634592
306;;271;2445000;Euro;;;keine Angabe;jacob.koenig;2017-11-21 19:05;306;2689592
307;;271;2450000;Euro;;;keine Angabe;jacob.koenig;2017-11-21 19:05;307;2694592
308;;271;2580000;Euro;;;keine Angabe;jacob.koenig;2017-11-21 19:05;308;2824592
309;;323;3380000;Euro;;;keine Angabe;jacob.koenig;2017-11-21 19:05;309;3380000
310;;323;3780000;Euro;;;keine Angabe;jacob.koenig;2017-11-21 19:05;310;3780000
311;;323;3850000;Euro;;;keine Angabe;jacob.koenig;2017-11-21 19:05;311;3850000
312;;323;3250000;Euro;;;keine Angabe;jacob.koenig;2017-11-21 19:05;312;3450000
313;;323;3400000;Euro;;;keine Angabe;jacob.koenig;2017-11-21 19:05;313;3600000
314;;323;3400000;Euro;;;keine Angabe;jacob.koenig;2017-11-21 19:05;314;3600000
315;;323;2775000;Euro;;;keine Angabe;jacob.koenig;2017-11-21 19:05;315;2925000
316;;323;2970000;Euro;;;keine Angabe;jacob.koenig;2017-11-21 19:05;316;3120000
317;;323;2970000;Euro;;;keine Angabe;jacob.koenig;2017-11-21 19:05;317;3120000
318;;579;3859000;Euro;;;keine Angabe;jacob.koenig;2017-11-21 19:05;318;3859000
319;;579;3589000;Euro;;;keine Angabe;jacob.koenig;2017-11-21 19:05;319;3589000
320;;330;3575000;Euro;;;keine Angabe;jacob.koenig;2017-11-21 19:05;320;3825000
321;;330;3630000;Euro;;;keine Angabe;jacob.koenig;2017-11-21 19:05;321;3880000
322;;330;3730000;Euro;;;keine Angabe;jacob.koenig;2017-11-21 19:05;322;3980000
323;;330;3800000;Euro;;;keine Angabe;jacob.koenig;2017-11-21 19:05;323;4050000
324;;330;3900000;Euro;;;keine Angabe;jacob.koenig;2017-11-21 19:05;324;4150000
325;;330;3700000;Euro;;;keine Angabe;jacob.koenig;2017-11-21 19:05;325;3900000
326;;330;3600000;Euro;;;keine Angabe;jacob.koenig;2017-11-21 19:05;326;3775000
327;;520;3575000;Euro;;;keine Angabe;jacob.koenig;2017-11-21 19:05;327;3825000
328;;578;2900000;Euro;;;keine Angabe;jacob.koenig;2017-11-21 19:05;328;3100000
329;;317;3790000;Euro;;;keine Angabe;jacob.koenig;2017-11-21 19:05;329;4085184
330;;317;3260000;Euro;;;keine Angabe;jacob.koenig;2017-11-21 19:05;330;3443218
331;;301;3850000;Euro;;;keine Angabe;jacob.koenig;2017-11-21 19:05;331;3850000
332;;301;3740000;Euro;;;keine Angabe;jacob.koenig;2017-11-21 19:05;332;3740000
333;;301;3250000;Euro;;;keine Angabe;jacob.koenig;2017-11-21 19:05;333;3475000
334;;301;3200000;Euro;;;keine Angabe;jacob.koenig;2017-11-21 19:05;334;3200000
335;;301;2950000;Euro;;;keine Angabe;jacob.koenig;2017-11-21 19:05;335;2950000
336;;301;2850000;Euro;;;keine Angabe;jacob.koenig;2017-11-21 19:05;336;2850000
337;;301;2720000;Euro;;;keine Angabe;jacob.koenig;2017-11-21 19:05;337;2720000
338;;348;3720000;Euro;;;keine Angabe;jacob.koenig;2017-11-21 19:05;338;3720000
339;;348;3900000;Euro;;;keine Angabe;jacob.koenig;2017-11-21 19:05;339;3900000
340;;326;3850000;Euro;;;keine Angabe;jacob.koenig;2017-11-21 19:05;340;3850000
341;;326;4000000;Euro;;;keine Angabe;jacob.koenig;2017-11-21 19:05;341;4000000
342;;326;4000000;Euro;;;keine Angabe;jacob.koenig;2017-11-21 19:05;342;4000000
343;;326;3200000;Euro;;;keine Angabe;jacob.koenig;2017-11-21 19:05;343;3200000
344;;326;3100000;Euro;;;keine Angabe;jacob.koenig;2017-11-21 19:05;344;3100000
345;;326;2850000;Euro;;;keine Angabe;jacob.koenig;2017-11-21 19:05;345;2850000
346;;526;2911500;Euro;;;keine Angabe;jacob.koenig;2017-11-21 19:05;346;3111500
347;;526;2960000;Euro;;;keine Angabe;jacob.koenig;2017-11-21 19:05;347;3163000
348;;526;3650000;Euro;;;keine Angabe;jacob.koenig;2017-11-21 19:05;348;3850000
349;;521;4345000;Euro;;;keine Angabe;jacob.koenig;2017-11-21 19:05;349;4595000
350;;521;4260000;Euro;;;keine Angabe;jacob.koenig;2017-11-21 19:05;350;4510000
351;;521;4025000;Euro;;;keine Angabe;jacob.koenig;2017-11-21 19:05;351;4275000
352;;521;3700000;Euro;;;keine Angabe;jacob.koenig;2017-11-21 19:05;352;3950000
353;;521;3875000;Euro;;;keine Angabe;jacob.koenig;2017-11-21 19:05;353;4125000
354;;521;3950000;Euro;;;keine Angabe;jacob.koenig;2017-11-21 19:05;354;4200000
355;;521;3340000;Euro;;;keine Angabe;jacob.koenig;2017-11-21 19:05;355;3540000
356;;521;3392000;Euro;;;keine Angabe;jacob.koenig;2017-11-21 19:05;356;3642000
357;;521;3373000;Euro;;;keine Angabe;jacob.koenig;2017-11-21 19:05;357;3623000
358;;521;3392000;Euro;;;keine Angabe;jacob.koenig;2017-11-21 19:05;358;3642000
359;;521;3250000;Euro;;;keine Angabe;jacob.koenig;2017-11-21 19:05;359;3500000
360;;331;4025000;Euro;;;keine Angabe;jacob.koenig;2017-11-21 19:05;360;4275000
361;;331;3875000;Euro;;;keine Angabe;jacob.koenig;2017-11-21 19:05;361;4125000
362;;331;3950000;Euro;;;keine Angabe;jacob.koenig;2017-11-21 19:05;362;4200000
363;;331;4000000;Euro;;;keine Angabe;jacob.koenig;2017-11-21 19:05;363;4250000
364;;314;4000000;Euro;;;keine Angabe;jacob.koenig;2017-11-21 19:05;364;4250000
365;;314;3900000;Euro;;;keine Angabe;jacob.koenig;2017-11-21 19:05;365;4150000
366;;550;2600000;Euro;;;keine Angabe;jacob.koenig;2017-11-21 19:05;366;2850000
367;;217;12000000;Euro;;;keine Angabe;jacob.koenig;2017-11-21 19:05;367;12000000
368;;278;4800000;Euro;;;keine Angabe;jacob.koenig;2017-11-21 19:05;368;5124272
369;;278;4800000;Euro;;;keine Angabe;jacob.koenig;2017-11-21 19:05;369;5077948
370;;595;3950000;Euro;;;keine Angabe;jacob.koenig;2017-11-21 19:05;370;3950000
371;;559;3633000;Euro;;;keine Angabe;jacob.koenig;2017-11-21 19:05;371;3833000
372;;559;3615000;Euro;;;keine Angabe;jacob.koenig;2017-11-21 19:05;372;3815000
373;;559;4110000;Euro;;;keine Angabe;jacob.koenig;2017-11-21 19:05;373;4110000
374;;559;3560000;Euro;;;keine Angabe;jacob.koenig;2017-11-21 19:05;374;3760000
375;;559;3542000;Euro;;;keine Angabe;jacob.koenig;2017-11-21 19:05;375;3742000
376;;559;4145000;Euro;;;keine Angabe;jacob.koenig;2017-11-21 19:05;376;4145000
377;;369;3930300;Euro;;;keine Angabe;jacob.koenig;2017-11-21 19:05;377;4080300
378;;369;3985000;Euro;;;keine Angabe;jacob.koenig;2017-11-21 19:05;378;3985000
379;;369;4400000;Euro;;;keine Angabe;jacob.koenig;2017-11-21 19:05;379;4550000
380;;369;3814800;Euro;;;keine Angabe;jacob.koenig;2017-11-21 19:05;380;3964800
381;;369;3511200;Euro;;;keine Angabe;jacob.koenig;2017-11-21 19:05;381;3661200
382;;514;4100000;Euro;;;keine Angabe;jacob.koenig;2017-11-21 19:05;382;4100000
383;;514;4150000;Euro;;;keine Angabe;jacob.koenig;2017-11-21 19:05;383;4150000
384;;514;4300000;Euro;;;keine Angabe;jacob.koenig;2017-11-21 19:05;384;4300000
385;;523;3752100;Euro;;;keine Angabe;jacob.koenig;2017-11-21 19:05;385;3752100
386;;523;4085000;Euro;;;keine Angabe;jacob.koenig;2017-11-21 19:05;386;4085000
387;;523;3790000;Euro;;;keine Angabe;jacob.koenig;2017-11-21 19:05;387;3790000
388;;523;3732000;Euro;;;keine Angabe;jacob.koenig;2017-11-21 19:05;388;3732000
389;;523;4250000;Euro;;;keine Angabe;jacob.koenig;2017-11-21 19:05;389;4250000
390;;523;4230000;Euro;;;keine Angabe;jacob.koenig;2017-11-21 19:05;390;4230000
391;;523;4500000;Euro;;;keine Angabe;jacob.koenig;2017-11-21 19:05;391;4500000
392;;349;4000000;Euro;;;keine Angabe;jacob.koenig;2017-11-21 19:05;392;4300000
393;;349;4200000;Euro;;;keine Angabe;jacob.koenig;2017-11-21 19:05;393;4200000
394;;349;4180000;Euro;;;keine Angabe;jacob.koenig;2017-11-21 19:05;394;4180000
395;;349;4450000;Euro;;;keine Angabe;jacob.koenig;2017-11-21 19:05;395;4450000
396;;349;4330000;Euro;;;keine Angabe;jacob.koenig;2017-11-21 19:05;396;4330000
397;;349;3327000;Euro;;;keine Angabe;jacob.koenig;2017-11-21 19:05;397;3327000
398;;349;3290000;Euro;;;keine Angabe;jacob.koenig;2017-11-21 19:05;398;3540000
399;;349;3350000;Euro;;;keine Angabe;jacob.koenig;2017-11-21 19:05;399;3600000
400;;349;3700000;Euro;;;keine Angabe;jacob.koenig;2017-11-21 19:05;400;3950000
401;;349;3700000;Euro;;;keine Angabe;jacob.koenig;2017-11-21 19:05;401;3950000
402;;349;3096000;Euro;;;keine Angabe;jacob.koenig;2017-11-21 19:05;402;3346000
403;;349;3090000;Euro;;;keine Angabe;jacob.koenig;2017-11-21 19:05;403;3340000
404;;349;3200000;Euro;;;keine Angabe;jacob.koenig;2017-11-21 19:05;404;3450000
405;;349;3450000;Euro;;;keine Angabe;jacob.koenig;2017-11-21 19:05;405;3700000
406;;349;3450000;Euro;;;keine Angabe;jacob.koenig;2017-11-21 19:05;406;3700000
407;;590;3601750;Euro;;;Zeitbasiert;jacob.koenig;2017-11-21 19:05;407;3601750
408;;590;3425000;Euro;;;keine Angabe;jacob.koenig;2017-11-21 19:05;408;3687000
409;;590;3410000;Euro;;;keine Angabe;jacob.koenig;2017-11-21 19:05;409;3672000
410;;590;3325500;Euro;;;keine Angabe;jacob.koenig;2017-11-21 19:05;410;3587500
411;;545;3335083.33;Euro;;;keine Angabe;jacob.koenig;2017-11-21 19:05;411;3597083.33
412;;545;4050000;Euro;;;keine Angabe;jacob.koenig;2017-11-21 19:05;412;4250000
413;;545;3600000;Euro;;;keine Angabe;jacob.koenig;2017-11-21 19:05;413;3800000
414;;527;3300000;Euro;;;keine Angabe;jacob.koenig;2017-11-21 19:05;414;3500000
415;;535;3985000;Euro;;;keine Angabe;jacob.koenig;2017-11-21 19:05;415;4183000
416;;594;3985000;Euro;;;keine Angabe;jacob.koenig;2017-11-21 19:05;416;4183000
417;;594;3860000;Euro;;;keine Angabe;jacob.koenig;2017-11-21 19:05;417;4058000
418;;594;3815000;Euro;;;keine Angabe;jacob.koenig;2017-11-21 19:05;418;4013000
419;;535;4300000;Euro;;;keine Angabe;jacob.koenig;2017-11-21 19:05;419;4550000
420;;535;4300000;Euro;;;keine Angabe;jacob.koenig;2017-11-21 19:05;420;4550000
421;;588;4530000;Euro;;;keine Angabe;jacob.koenig;2017-11-21 19:05;421;4530000
422;;588;4472000;Euro;;;keine Angabe;jacob.koenig;2017-11-21 19:05;422;4472000
423;;588;4167000;Euro;;;keine Angabe;jacob.koenig;2017-11-21 19:05;423;4167000
424;;588;4152000;Euro;;;keine Angabe;jacob.koenig;2017-11-21 19:05;424;4152000
425;;588;4072000;Euro;;;keine Angabe;jacob.koenig;2017-11-21 19:05;425;4072000
426;;551;4780000;Euro;;;keine Angabe;jacob.koenig;2017-11-21 19:05;426;4780000
427;;551;4450000;Euro;;;keine Angabe;jacob.koenig;2017-11-21 19:05;427;4725000
428;;551;4180000;Euro;;;keine Angabe;jacob.koenig;2017-11-21 19:05;428;4430000
429;;551;4400000;Euro;;;keine Angabe;jacob.koenig;2017-11-21 19:05;429;4400000
430;;591;4250000;Euro;;;keine Angabe;jacob.koenig;2017-11-21 19:05;430;4250000
431;;591;4330000;Euro;;;keine Angabe;jacob.koenig;2017-11-21 19:05;431;4330000
432;;591;4489300;Euro;;;keine Angabe;jacob.koenig;2017-11-21 19:05;432;4489300
433;;591;4069300;Euro;;;keine Angabe;jacob.koenig;2017-11-21 19:05;433;4069300
434;;540;4359300;Euro;;;keine Angabe;jacob.koenig;2017-11-21 19:05;434;4359300
435;;540;3939300;Euro;;;keine Angabe;jacob.koenig;2017-11-21 19:05;435;3939300
436;;591;4090000;Euro;;;keine Angabe;jacob.koenig;2017-11-21 19:05;436;4090000
437;;540;4400000;Euro;;;keine Angabe;jacob.koenig;2017-11-21 19:05;437;4400000
438;;552;5200000;Euro;;;keine Angabe;jacob.koenig;2017-11-21 19:05;438;5200000
439;;552;5600000;Euro;;;keine Angabe;jacob.koenig;2017-11-21 19:05;439;5600000
440;;552;5100000;Euro;;;keine Angabe;jacob.koenig;2017-11-21 19:05;440;5100000
441;;552;5260000;Euro;;;keine Angabe;jacob.koenig;2017-11-21 19:05;441;5260000
442;;623;3850000;Euro;;;keine Angabe;ivaylo.petrov;2017-11-22 15:31;443;3850000
443;;623;3500000;Euro;;;keine Angabe;ivaylo.petrov;2017-11-22 15:35;443;3500000
444;;616;4000000;Euro;0;;keine Angabe;ivaylo.petrov;2017-11-22 15:48;444;4000000
445;;271;2063000;Euro;;;Produktionsbasiert;ivaylo.petrov;2017-12-19 15:50;445;2218000
446;;208;2000000;Euro;0;;keine Angabe;ivaylo.petrov;2017-12-20 15:00;446;2000000
447;;208;1920000;Euro;0;;keine Angabe;ivaylo.petrov;2017-12-20 15:01;446;2020000
448;;294;2050000;Euro;0;;keine Angabe;ivaylo.petrov;2017-12-20 15:03;446;2150000
449;;553;2400000;Euro;0;;keine Angabe;ivaylo.petrov;2017-12-20 15:04;446;2400000
450;;616;3900000;Euro;0;;Produktionsbasiert;ivaylo.petrov;2017-12-20 15:22;447;3900000
451;;621;3500000;Euro;0;;keine Angabe;ivaylo.petrov;2017-12-21 12:16;448;3700000
452;;546;1880000;Euro;0;2018-03-08;keine Angabe;ivaylo.petrov;2018-01-09 14:13;449;2080000
453;;606;2820000;Euro;0;2018-03-08;keine Angabe;ivaylo.petrov;2018-01-09 14:14;449;3020000
454;;295;1650000;Euro;0;2018-03-08;keine Angabe;ivaylo.petrov;2018-01-09 14:16;449;1800000
455;;593;3400000;Euro;0;;Zeitbasiert;ivaylo.petrov;2018-01-25 16:43;450;3600000
456;;294;2300000;Euro;;;keine Angabe;jana.pose;2018-02-12 09:29;451;2300000
457;;257;2000000;Euro;;;keine Angabe;jana.pose;2018-02-12 11:26;453;2155000
458;;147;600000;Euro;;;keine Angabe;jana.pose;2018-02-12 11:29;453;600000
459;;138;1700000;Euro;;;keine Angabe;jana.pose;2018-02-12 11:30;453;1700000
460;;594;3790000;Euro;0;;Zeitbasiert;ivaylo.petrov;2018-04-03 14:47;454;4040000
462;;594;3790000;Euro;0;2021-11-15;Zeitbasiert;ivaylo.petrov;2018-04-03 15:04;455;4040000
467;;622;4030000;Euro;0;2021-11-15;Zeitbasiert;ivaylo.petrov;2018-04-03 15:27;456;4310000
468;;622;4070000;Euro;0;2021-11-15;Zeitbasiert;ivaylo.petrov;2018-04-03 15:28;456;4350000
469;;615;4900000;Euro;0;;Zeitbasiert;ivaylo.petrov;2018-04-03 15:38;457;4900000
470;;615;4850000;Euro;0;;Zeitbasiert;ivaylo.petrov;2018-04-03 15:44;458;4850000
471;;615;4900000;Euro;0;;Zeitbasiert;ivaylo.petrov;2018-04-03 15:45;458;4900000
472;;588;4100000;Euro;0;;Zeitbasiert;ivaylo.petrov;2018-04-03 15:46;458;4100000
473;;606;3280000;Euro;0;;Zeitbasiert;ivaylo.petrov;2018-04-06 16:04;459;3530000
474;;643;2900000;Euro;0;;Zeitbasiert;ivaylo.petrov;2018-04-17 10:19;460;3055000
475;;643;3000000;Euro;0;;Zeitbasiert;ivaylo.petrov;2018-04-17 10:20;460;3000000
476;;643;3100000;Euro;0;;Zeitbasiert;ivaylo.petrov;2018-04-17 10:21;460;3100000
477;;644;3000000;Euro;0;;Zeitbasiert;ivaylo.petrov;2018-04-17 10:34;460;3180000
478;;644;3100000;Euro;0;;Zeitbasiert;ivaylo.petrov;2018-04-17 10:39;460;3300000
479;;644;3200000;Euro;0;;Zeitbasiert;ivaylo.petrov;2018-04-17 10:40;460;3200000
480;;644;3500000;Euro;0;;Zeitbasiert;ivaylo.petrov;2018-04-17 10:41;460;3500000
481;;271;1985000;Euro;;;Zeitbasiert;ivaylo.petrov;2018-05-04 10:28;462;2185000
482;;323;2225000;Euro;0;;Zeitbasiert;ivaylo.petrov;2018-05-04 10:30;462;2425000
483;;579;2240000;Euro;;;Zeitbasiert;ivaylo.petrov;2018-05-04 10:34;462;2440000
484;;517;2265000;Euro;0;;keine Angabe;ivaylo.petrov;2018-05-18 09:44;464;2415000
485;;546;1755000;Euro;;;Zeitbasiert;ivaylo.petrov;2018-05-18 10:00;465;1935000
486;;520;2150000;Euro;0;;Zeitbasiert;ivaylo.petrov;2018-05-22 17:10;466;2293750
487;;601;2900000;Euro;0;;Zeitbasiert;ivaylo.petrov;2018-05-22 17:12;466;3075000
488;;594;2884000;Euro;0;;Zeitbasiert;ivaylo.petrov;2018-06-26 14:48;467;3084000
489;;606;2849000;Euro;0;;Zeitbasiert;ivaylo.petrov;2018-06-26 14:52;467;3049000
490;;615;4850000;Euro;0;;Zeitbasiert;ivaylo.petrov;2018-06-27 13:55;468;4850000
491;;588;4100000;Euro;0;;Zeitbasiert;ivaylo.petrov;2018-06-27 14:04;468;4100000
492;;594;3790000;Euro;0;;Zeitbasiert;ivaylo.petrov;2018-06-27 14:18;469;4040000
501;;588;4108750;Euro;;;Zeitbasiert;ivaylo.petrov;2018-06-27 16:09;470;4108750
502;;588;3530000;Euro;;;Zeitbasiert;ivaylo.petrov;2018-06-27 16:12;471;3530000
503;;588;4100000;Euro;0;;Zeitbasiert;ivaylo.petrov;2018-06-27 16:17;472;4100000
504;;588;4100000;Euro;0;;Zeitbasiert;ivaylo.petrov;2018-06-27 16:20;473;4100000
505;;646;4000000;Euro;0;;Zeitbasiert;ivaylo.petrov;2018-07-16 10:31;474;4200000
510;;594;2855000;Euro;0;;Zeitbasiert;ivaylo.petrov;2018-07-25 13:35;477;3055000
511;;606;2785000;Euro;0;;Zeitbasiert;ivaylo.petrov;2018-07-25 13:36;477;2985000
516;;654;3400000;Euro;0;;Zeitbasiert;ivaylo.petrov;2018-07-31 10:25;476;3633000
517;;654;3750000;Euro;0;;Zeitbasiert;ivaylo.petrov;2018-07-31 10:28;476;4000000
518;;614;3885000;Euro;;;Zeitbasiert;ivaylo.petrov;2018-08-20 10:05;478;4085000
521;;623;3590000;Euro;0;;Zeitbasiert;ivaylo.petrov;2018-08-22 13:51;480;3840000
522;;616;3410000;Euro;0;;Zeitbasiert;ivaylo.petrov;2018-08-23 17:26;481;3610000
523;;616;3950000;Euro;0;;keine Angabe;ivaylo.petrov;2018-08-23 17:42;481;3950000
525;;658;3700000;Euro;0;;Zeitbasiert;ivaylo.petrov;2018-08-24 17:33;482;3700000
526;;294;2530000;Euro;0;;Zeitbasiert;ivaylo.petrov;2018-09-14 14:19;483;2530000
527;;208;2460000;Euro;0;;Zeitbasiert;ivaylo.petrov;2018-09-14 14:20;483;2460000
528;;560;2128470;Euro;13000;2019-04-30;Zeitbasiert;ivaylo.petrov;2018-09-28 13:36;484;2328470
529;;561;2470059;Euro;13000;2019-04-30;Zeitbasiert;ivaylo.petrov;2018-09-28 13:38;484;2670059
535;;590;2835232;Euro;0;2019-03-31;Zeitbasiert;ivaylo.petrov;2018-09-28 14:15;485;2835232
536;;658;3550000;Euro;0;;Zeitbasiert;ivaylo.petrov;2018-10-01 15:29;486;3550000
537;;658;3150000;Euro;0;;Zeitbasiert;ivaylo.petrov;2018-10-01 16:46;486;3350000
538;;616;3650000;Euro;0;;Zeitbasiert;ivaylo.petrov;2018-10-12 11:43;487;3650000
539;;616;3650000;Euro;;2018-10-12;keine Angabe;jana.pose;2018-10-12 15:58;488;3650000
540;;560;2091000;Euro;5000;2019-04-30;Zeitbasiert;ivaylo.petrov;2018-10-23 15:31;489;2277000
542;;670;1750000;Euro;;2019-03-31;keine Angabe;jana.pose;2018-10-25 09:54;490;1900000
568;;682;2700000;Euro;;;keine Angabe;jana.pose;2018-10-25 15:04;491;2880000
569;;683;2950000;Euro;;;keine Angabe;jana.pose;2018-10-25 15:05;491;3150000
570;;644;3050000;Euro;;;keine Angabe;jana.pose;2018-10-25 15:07;491;3250000
571;;683;3050000;Euro;;;keine Angabe;jana.pose;2018-10-25 15:10;492;3050000
572;;644;3100000;Euro;;;keine Angabe;jana.pose;2018-10-25 15:12;492;3100000
573;;654;3650000;Euro;;;keine Angabe;jana.pose;2018-10-25 15:14;492;3900000
574;;683;3000000;Euro;;;keine Angabe;jana.pose;2018-10-25 15:17;493;3200000
575;;644;3050000;Euro;;;keine Angabe;jana.pose;2018-10-25 15:18;493;3250000
576;;654;3650000;Euro;;;keine Angabe;jana.pose;2018-10-25 15:19;493;3900000
577;;683;3000000;Euro;;;keine Angabe;jana.pose;2018-10-25 15:21;494;3200000
578;;644;3050000;Euro;;;keine Angabe;jana.pose;2018-10-25 15:22;494;3250000
579;;654;3650000;Euro;;;keine Angabe;jana.pose;2018-10-25 15:39;494;3900000
580;;682;2800000;Euro;;;keine Angabe;jana.pose;2018-10-25 15:41;495;2800000
581;;683;3050000;Euro;;;keine Angabe;jana.pose;2018-10-25 15:43;495;3050000
582;;644;3100000;Euro;;;keine Angabe;jana.pose;2018-10-25 15:44;495;3100000
583;;683;3000000;Euro;;;keine Angabe;jana.pose;2018-10-25 15:45;496;3200000
584;;644;3050000;Euro;;;keine Angabe;jana.pose;2018-10-25 15:47;496;3250000
585;;654;3650000;Euro;;;keine Angabe;jana.pose;2018-10-25 15:50;496;3900000
586;;294;1800000;Euro;;;keine Angabe;jana.pose;2018-10-25 16:17;497;1800000
587;;553;1950000;Euro;;;keine Angabe;jana.pose;2018-10-25 16:18;497;1950000
588;;682;2800000;Euro;;;keine Angabe;jana.pose;2018-10-25 16:20;497;2800000
589;;682;2800000;Euro;;;keine Angabe;jana.pose;2018-10-25 16:22;498;2800000
590;;683;3050000;Euro;;;keine Angabe;jana.pose;2018-10-25 16:23;498;3050000
591;;644;3100000;Euro;;;keine Angabe;jana.pose;2018-10-25 16:24;498;3100000
592;;682;2800000;Euro;;;keine Angabe;jana.pose;2018-10-25 16:26;499;2800000
593;;644;3050000;Euro;;;keine Angabe;jana.pose;2018-10-25 16:28;499;3250000
594;;644;3100000;Euro;;;keine Angabe;jana.pose;2018-10-25 16:29;499;3100000
595;;672;1720000;Euro;;;keine Angabe;jana.pose;2018-10-26 08:06;501;1920000
596;;672;1657000;Euro;;;keine Angabe;jana.pose;2018-10-26 08:07;501;1857000
597;;673;1807000;Euro;;;keine Angabe;jana.pose;2018-10-26 08:10;501;2007000
598;;673;2000000;Euro;;;keine Angabe;jana.pose;2018-10-26 08:11;501;2200000
599;;579;2165000;Euro;;;keine Angabe;jana.pose;2018-10-26 08:54;502;2315000
600;;579;2155000;Euro;;;keine Angabe;jana.pose;2018-10-26 08:58;502;2305000
601;;579;2176000;Euro;;;keine Angabe;jana.pose;2018-10-26 08:59;502;2326000
602;;579;2166000;Euro;;;keine Angabe;jana.pose;2018-10-26 09:00;502;2316000
603;;601;2955000;Euro;;;keine Angabe;jana.pose;2018-10-26 09:10;502;3155000
604;;616;3195000;Euro;;;keine Angabe;jana.pose;2018-10-26 09:11;502;3395000
605;;616;3295000;Euro;;;keine Angabe;jana.pose;2018-10-26 09:19;502;3545000
606;;616;3185000;Euro;;;keine Angabe;jana.pose;2018-10-26 09:20;502;3435000
607;;601;2667000;Euro;;;keine Angabe;jana.pose;2018-10-26 09:52;502;2867000
608;;616;2949000;Euro;;;keine Angabe;jana.pose;2018-10-26 09:54;502;3149000
609;;616;2939000;Euro;;;keine Angabe;jana.pose;2018-10-26 09:55;502;3139000
610;;601;2704000;Euro;;;keine Angabe;jana.pose;2018-10-26 10:00;502;2904000
611;;601;2963000;Euro;;;keine Angabe;jana.pose;2018-10-26 10:00;502;3163000
612;;579;2498000;Euro;;;keine Angabe;jana.pose;2018-10-26 10:13;502;2658000
613;;601;2704000;Euro;;;keine Angabe;jana.pose;2018-10-26 10:14;502;2904000
614;;601;2685000;Euro;;;keine Angabe;jana.pose;2018-10-26 10:14;502;2885000
615;;601;2675000;Euro;;;keine Angabe;jana.pose;2018-10-26 10:35;502;2875000
616;;601;2919000;Euro;;;keine Angabe;jana.pose;2018-10-26 10:36;502;3119000
617;;601;2909000;Euro;;;keine Angabe;jana.pose;2018-10-26 10:36;502;3109000
618;;579;2147000;Euro;;;keine Angabe;jana.pose;2018-10-26 10:38;502;2297000
619;;271;2337000;Euro;;;keine Angabe;jana.pose;2018-10-26 10:42;502;2497000
620;;579;2491000;Euro;;;keine Angabe;jana.pose;2018-10-26 10:43;502;2651000
621;;601;2697000;Euro;;;keine Angabe;jana.pose;2018-10-26 10:44;502;2897000
622;;271;2285000;Euro;;;keine Angabe;jana.pose;2018-10-26 10:50;502;2445000
623;;579;2439000;Euro;;;keine Angabe;jana.pose;2018-10-26 10:52;502;2599000
624;;601;2647000;Euro;;;keine Angabe;jana.pose;2018-10-26 10:53;502;2847000
625;;601;2659000;Euro;;;keine Angabe;jana.pose;2018-10-26 10:54;502;2859000
626;;593;2310000;Euro;;;keine Angabe;jana.pose;2018-10-26 13:28;503;2475000
627;;635;2800000;Euro;;;keine Angabe;jana.pose;2018-10-26 13:31;503;3037600
628;;633;3450000;Euro;;;keine Angabe;jana.pose;2018-10-26 13:32;503;3692000
629;;633;4450000;Euro;;;keine Angabe;jana.pose;2018-10-26 13:33;503;4450000
630;;633;4550000;Euro;;;keine Angabe;jana.pose;2018-10-26 13:34;503;4550000
631;;593;2500000;Euro;;;keine Angabe;jana.pose;2018-10-26 13:35;503;2701300
632;;635;2600000;Euro;;;keine Angabe;jana.pose;2018-10-26 13:36;503;2806800
633;;633;3250000;Euro;;;keine Angabe;jana.pose;2018-10-26 13:37;503;3460100
634;;593;2630000;Euro;;;keine Angabe;jana.pose;2018-10-26 13:38;503;2831300
635;;635;2730000;Euro;;;keine Angabe;jana.pose;2018-10-26 13:39;503;2936800
636;;633;3450000;Euro;;;keine Angabe;jana.pose;2018-10-26 13:40;503;3692000
637;;633;4450000;Euro;;;keine Angabe;jana.pose;2018-10-26 13:41;503;4450000
638;;633;4550000;Euro;;;keine Angabe;jana.pose;2018-10-26 13:42;503;4550000
639;;635;2730000;Euro;;;keine Angabe;jana.pose;2018-10-26 13:44;503;2936800
640;;633;3450000;Euro;;;keine Angabe;jana.pose;2018-10-26 13:45;503;3692000
641;;633;4450000;Euro;;;keine Angabe;jana.pose;2018-10-26 13:46;503;4450000
642;;633;4550000;Euro;;;keine Angabe;jana.pose;2018-10-26 13:53;503;4550000
643;;593;2550000;Euro;;;keine Angabe;jana.pose;2018-10-26 13:54;503;2751300
644;;635;2650000;Euro;;;keine Angabe;jana.pose;2018-10-26 13:55;503;2856800
645;;635;2800000;Euro;;;keine Angabe;jana.pose;2018-10-26 13:58;503;3037600
646;;633;3400000;Euro;;;keine Angabe;jana.pose;2018-10-26 13:59;503;3642000
647;;633;4450000;Euro;;;keine Angabe;jana.pose;2018-10-26 13:59;503;4450000
648;;633;4550000;Euro;;;keine Angabe;jana.pose;2018-10-26 14:00;503;4550000
649;;593;2580000;Euro;;;keine Angabe;jana.pose;2018-10-26 14:03;503;2781300
650;;635;2680000;Euro;;;keine Angabe;jana.pose;2018-10-26 14:04;503;2886800
651;;633;3250000;Euro;;;keine Angabe;jana.pose;2018-10-26 14:05;503;3460100
652;;593;2500000;Euro;;;keine Angabe;jana.pose;2018-10-26 14:06;503;2701300
653;;635;2600000;Euro;;;keine Angabe;jana.pose;2018-10-26 14:10;503;2806800
654;;633;3400000;Euro;;;keine Angabe;jana.pose;2018-10-26 14:11;503;3642000
655;;633;4400000;Euro;;;keine Angabe;jana.pose;2018-10-26 14:12;503;4400000
656;;633;4500000;Euro;;;keine Angabe;jana.pose;2018-10-26 14:13;503;4500000
657;;560;1860000;Euro;;;keine Angabe;jana.pose;2018-10-26 14:47;505;2060000
658;;590;2714254;Euro;;;keine Angabe;jana.pose;2018-11-28 11:52;505;2914254
659;;590;2514410;Euro;;;Zeitbasiert;jana.pose;2018-11-28 12:00;505;2684410
660;;590;2602950;Euro;;;keine Angabe;jana.pose;2018-11-28 12:01;505;2772950
661;;560;2152000;Euro;;;keine Angabe;jana.pose;2018-11-28 12:04;505;2352000
662;;590;2562750;Euro;;;keine Angabe;jana.pose;2018-11-28 12:05;505;2732750
663;;560;2104284;Euro;;;keine Angabe;jana.pose;2018-11-28 12:07;505;2304284
664;;560;2084544;Euro;;;keine Angabe;jana.pose;2018-11-28 12:07;505;2284544
665;;561;2110000;Euro;;;keine Angabe;jana.pose;2018-11-28 13:56;505;2310000
666;;675;3093754;Euro;;;keine Angabe;jana.pose;2018-11-28 14:08;505;3293754
667;;675;2849918;Euro;;;keine Angabe;jana.pose;2018-11-28 14:10;505;3049918
668;;675;2989065;Euro;;;keine Angabe;jana.pose;2018-11-28 14:10;505;3189065
669;;675;2949655;Euro;;;keine Angabe;jana.pose;2018-11-28 14:27;505;3149655
670;;674;1552000;Euro;;;keine Angabe;jana.pose;2018-11-28 14:37;505;1752000
671;;675;2893557;Euro;;;keine Angabe;jana.pose;2018-11-28 14:38;505;3093557
672;;590;2714254;Euro;;;keine Angabe;jana.pose;2018-11-28 14:42;505;2914254
673;;675;3094282;Euro;;;keine Angabe;jana.pose;2018-11-28 14:42;505;3294282
674;;675;3094276;Euro;;;keine Angabe;jana.pose;2018-11-28 14:44;505;3294276
675;;675;2884313;Euro;;;keine Angabe;jana.pose;2018-11-28 14:45;505;3084313
676;;675;3086662;Euro;;;keine Angabe;jana.pose;2018-11-28 14:46;505;3286662
689;;578;2650000;Euro;;;keine Angabe;jana.pose;2018-11-29 13:00;506;2850000
690;;668;2900000;Euro;;;keine Angabe;jana.pose;2018-11-29 13:14;507;3100000
691;;671;2900000;Euro;;;keine Angabe;jana.pose;2018-11-29 13:33;508;3100000
692;;668;3750000;Euro;;;keine Angabe;jana.pose;2018-11-29 13:59;509;3750000
693;;671;3750000;Euro;;;keine Angabe;jana.pose;2018-11-29 14:24;510;3750000
694;;668;3150000;Euro;;;keine Angabe;jana.pose;2018-11-29 15:23;511;3350000
695;;671;3150000;Euro;;;keine Angabe;jana.pose;2018-11-29 15:27;512;3350000
696;;668;3150000;Euro;;;keine Angabe;jana.pose;2018-11-30 08:37;513;3350000
697;;671;3150000;Euro;;;keine Angabe;jana.pose;2018-11-30 08:55;514;3350000
698;;578;2950000;Euro;;;keine Angabe;jana.pose;2018-11-30 09:19;515;3150000
699;;668;3150000;Euro;;;keine Angabe;jana.pose;2018-11-30 09:26;516;3350000
700;;671;3150000;Euro;;;keine Angabe;jana.pose;2018-11-30 10:14;517;3350000
701;;668;3150000;Euro;;;keine Angabe;jana.pose;2018-11-30 10:23;518;3350000
702;;671;3150000;Euro;;;keine Angabe;jana.pose;2018-11-30 10:27;519;3350000
703;;336;2290000;Euro;;;keine Angabe;jana.pose;2018-11-30 10:32;520;2490000
704;;578;2950000;Euro;;;keine Angabe;jana.pose;2018-11-30 11:05;521;3150000
705;;668;3150000;Euro;;;keine Angabe;jana.pose;2018-11-30 11:21;522;3350000
706;;671;3150000;Euro;;;keine Angabe;jana.pose;2018-11-30 11:25;523;3350000
707;;668;3150000;Euro;;;keine Angabe;jana.pose;2018-11-30 11:32;524;3350000
708;;671;3150000;Euro;;;keine Angabe;jana.pose;2018-11-30 11:44;525;3350000
709;;559;3900000;Euro;;;keine Angabe;ivaylo.petrov;2018-12-05 16:09;527;4080000
710;;680;2375000;Euro;;;keine Angabe;jana.pose;2018-12-13 11:11;526;2575000
711;;684;2142000;Euro;;;keine Angabe;jana.pose;2018-12-13 11:14;526;2342000
712;;681;2800000;Euro;;;keine Angabe;jana.pose;2018-12-13 11:16;526;3000000
713;;681;2785000;Euro;;;keine Angabe;jana.pose;2018-12-13 11:17;526;2985000
714;;681;2785000;Euro;;;keine Angabe;jana.pose;2018-12-13 11:23;526;2985000
715;;681;2990000;Euro;;;keine Angabe;jana.pose;2018-12-13 11:24;526;3190000
716;;680;2595000;Euro;;;keine Angabe;jana.pose;2018-12-13 11:25;526;2795000
717;;680;2575000;Euro;;;keine Angabe;jana.pose;2018-12-13 11:26;526;2775000
718;;680;2595000;Euro;;;keine Angabe;jana.pose;2018-12-13 11:27;526;2795000
719;;681;2800000;Euro;;;keine Angabe;jana.pose;2018-12-13 11:28;526;3000000
720;;294;2540000;Euro;;;keine Angabe;jana.pose;2018-12-18 11:47;528;2540000
721;;294;2970000;Euro;;;keine Angabe;jana.pose;2018-12-18 11:51;528;2970000
722;;42;2825000;Euro;;;keine Angabe;jana.pose;2019-01-08 13:10;528;2825000
723;;616;3900000;Euro;0;;Zeitbasiert;ivaylo.petrov;2019-01-30 13:26;529;3900000
724;;653;2875000;Euro;0;;Zeitbasiert;ivaylo.petrov;2019-02-04 09:42;530;3055000
725;;208;1700000;Euro;0;;Zeitbasiert;ivaylo.petrov;2019-03-12 10:34;531;1855000
726;;598;2686000;Euro;;;keine Angabe;jana.pose;2019-03-18 08:47;533;2886000
728;;594;2816812;Euro;0;2019-06-15;Zeitbasiert;ivaylo.petrov;2019-03-21 12:12;534;3016812
737;;648;2990000;Euro;0;;Zeitbasiert;ivaylo.petrov;2019-03-21 14:55;535;3159000
739;;687;4415000;Euro;0;;Zeitbasiert;ivaylo.petrov;2019-04-08 09:40;536;4665000
747;;593;2900000;Euro;0;;Zeitbasiert;ivaylo.petrov;2019-05-07 14:27;537;3100000
749;;736;3450000;Euro;0;;Zeitbasiert;ivaylo.petrov;2019-05-09 15:06;538;3450000
750;;730;3880000;Euro;0;;Zeitbasiert;ivaylo.petrov;2019-05-09 15:48;539;4130000
751;;687;4355000;Euro;;;Zeitbasiert;florian.dillges;2019-06-13 10:55;540;4605000
760;;614;3795000;Euro;0;;Zeitbasiert;florian.dillges;2019-07-15 10:22;541;3995000
762;;614;3840000;Euro;;;Zeitbasiert;florian.dillges;2019-07-17 09:46;542;4090000
764;;601;2830000;Euro;0;;Zeitbasiert;ivaylo.petrov;2019-07-17 15:18;543;3030000
765;;601;2896000;Euro;0;2019-12-31;Zeitbasiert;ivaylo.petrov;2019-07-17 15:51;544;3096000
766;;666;3600000;Euro;;;keine Angabe;florian.dillges;2019-07-22 16:48;545;3600000
767;;561;2579000;Euro;0;2019-11-15;keine Angabe;ivaylo.petrov;2019-07-25 09:47;546;2779000
770;;590;2689000;Euro;0;2019-11-15;Zeitbasiert;ivaylo.petrov;2019-07-25 10:15;547;2919000
775;;606;2825000;Euro;;2019-10-19;Zeitbasiert;ivaylo.petrov;2019-08-08 09:57;548;3025000
779;;606;2839500;Euro;;2019-10-19;Zeitbasiert;ivaylo.petrov;2019-08-08 10:19;549;3039500
782;;561;2585000;Euro;15500;;keine Angabe;ivaylo.petrov;2019-09-05 11:04;550;2785000
785;;561;2549000;Euro;;;Zeitbasiert;ivaylo.petrov;2019-09-05 11:25;551;2749000
787;;588;4025000;Euro;0;2019-12-06;keine Angabe;florian.dillges;2019-10-08 18:27;552;4025000
788;;598;3063000;Euro;0;;keine Angabe;florian.dillges;2019-11-01 14:05;553;3263000
789;;603;1780000;Euro;0;2019-12-14;keine Angabe;florian.dillges;2019-11-01 14:39;554;1975000
792;;588;4190000;Euro;;;keine Angabe;florian.dillges;2019-11-26 18:16;555;4190000
793;;619;4290000;Euro;;2019-12-20;keine Angabe;florian.dillges;2020-02-03 16:59;556;4540000
794;;601;3041000;Euro;;;keine Angabe;florian.dillges;2020-02-18 15:37;557;3241000
796;;666;3700000;Euro;;;keine Angabe;florian.dillges;2020-02-18 16:05;558;3700000
797;;606;2936717;Euro;;;keine Angabe;florian.dillges;2020-02-18 16:31;559;3136717
798;;731;3990000;Euro;0;;Zeitbasiert;florian.dillges;2020-03-04 10:39;560;4240000
801;;633;4590000;Euro;;;keine Angabe;florian.dillges;2020-03-11 12:41;567;4590000
802;;633;4590000;Euro;;;keine Angabe;florian.dillges;2020-03-11 12:46;568;4590000
803;;633;4590000;Euro;;;keine Angabe;florian.dillges;2020-03-11 12:49;569;4590000
804;;615;4590000;Euro;;;keine Angabe;florian.dillges;2020-03-11 13:05;570;4590000
805;;633;4640000;Euro;;;keine Angabe;florian.dillges;2020-03-11 13:13;571;4640000
806;;633;4590000;Euro;;;keine Angabe;florian.dillges;2020-03-11 13:16;572;4590000
807;;618;4640000;Euro;;;keine Angabe;florian.dillges;2020-03-11 14:39;573;4640000
808;;588;4088750;Euro;;;keine Angabe;florian.dillges;2020-03-16 13:43;574;4088750
809;;588;3530000;Euro;;;keine Angabe;florian.dillges;2020-03-16 13:56;575;3763000
810;;588;4025000;Euro;;;keine Angabe;florian.dillges;2020-03-16 15:41;576;4025000
811;;588;4025000;Euro;;;keine Angabe;florian.dillges;2020-03-16 16:16;577;4025000
812;;618;4590000;Euro;;;keine Angabe;florian.dillges;2020-03-20 16:41;565;4590000
813;;731;3800000;Euro;;;keine Angabe;florian.dillges;2020-03-27 16:35;578;4050000
815;;546;1775000;Euro;;2020-08-06;Zeitbasiert;rosalie.tauchert;2020-05-13 13:28;579;1925000
816;;598;3033000;Euro;;;keine Angabe;rosalie.tauchert;2020-05-28 08:36;580;3233000
818;;666;3350000;Euro;;;Zeitbasiert;rosalie.tauchert;2020-06-10 13:45;581;3550000
819;;579;2832000;Euro;;2020-06-29;keine Angabe;rosalie.tauchert;2020-06-17 11:53;582;2992000
821;;633;4645000;Euro;0;2020-09-30;Zeitbasiert;ivaylo.petrov;2020-06-30 11:21;583;4645000
822;;633;4595000;Euro;;2020-09-30;Zeitbasiert;ivaylo.petrov;2020-06-30 15:54;584;4595000
823;;729;4695000;Euro;0;2020-09-30;Zeitbasiert;ivaylo.petrov;2020-06-30 15:56;584;4695000
824;;603;1800000;Euro;0;2020-09-08;Produktionsbasiert;ivaylo.petrov;2020-07-21 14:09;585;1995000
825;;546;1850000;Euro;0;2020-09-08;Produktionsbasiert;ivaylo.petrov;2020-07-21 14:24;586;2050000
826;;633;4565000;Euro;;;keine Angabe;jana.pose;2020-08-11 08:11;587;4565000
827;;729;4615000;Euro;0;;Zeitbasiert;ivaylo.petrov;2020-08-13 14:57;587;4615000
828;;729;4615000;Euro;0;;Zeitbasiert;ivaylo.petrov;2020-08-13 14:57;587;4615000
829;;301;3740000;Euro;0;;Produktionsbasiert;ivaylo.petrov;2020-09-04 15:49;588;3740000
830;;790;4600000;Euro;0;;Zeitbasiert;ivaylo.petrov;2020-09-09 16:23;590;4600000
831;;751;1495000;Euro;;;keine Angabe;toni.haensel;2020-09-11 15:59;591;1650000
837;;615;4685000;Euro;;;keine Angabe;toni.haensel;2020-09-18 16:04;592;4685000
838;;618;4645000;Euro;;;keine Angabe;toni.haensel;2020-10-02 08:37;592;4645000
839;;603;1815000;Euro;;;keine Angabe;toni.haensel;2020-10-12 16:16;593;2010000
840;;546;1878000;Euro;;;keine Angabe;toni.haensel;2020-10-12 17:32;596;2078000
841;;601;3012000;Euro;0;;keine Angabe;ivaylo.petrov;2020-10-13 14:52;597;3212000
842;;606;3000000;Euro;;;keine Angabe;toni.haensel;2020-10-29 10:02;598;3200000
844;;606;3020000;Euro;;;keine Angabe;toni.haensel;2020-10-29 10:31;599;3220000
846;;594;2850000;Euro;0;;Produktionsbasiert;ivaylo.petrov;2020-10-30 18:03;600;3050000
847;;590;3040000;Euro;;;keine Angabe;toni.haensel;2020-11-04 16:22;602;3270000
848;;615;4665000;Euro;;;keine Angabe;toni.haensel;2020-11-06 16:09;605;4665000
849;;618;4645000;Euro;;;keine Angabe;toni.haensel;2020-11-06 16:13;605;4645000
850;;594;3410000;Euro;;;Zeitbasiert;ivaylo.petrov;2020-11-09 16:27;606;3651000
851;;682;2870000;Euro;;;keine Angabe;toni.haensel;2020-11-17 14:31;607;2870000
855;;683;3020000;Euro;;;keine Angabe;toni.haensel;2020-11-18 11:30;608;3220000
860;;606;3000000;Euro;;;keine Angabe;toni.haensel;2020-11-19 16:33;609;3200000
861;;822;5000000;Euro;;;keine Angabe;toni.haensel;2020-11-23 12:03;603;5000000
865;;329;3415000;Euro;;;keine Angabe;toni.haensel;2020-11-25 12:57;610;3584000
866;;588;4150000;Euro;0;;keine Angabe;ivaylo.petrov;2020-12-17 17:40;577;4150000
867;;598;3033000;Euro;;;keine Angabe;toni.haensel;2020-12-18 16:50;611;3233000
868;;349;3075000;Euro;;;keine Angabe;toni.haensel;2020-12-22 12:44;612;3275000
869;;323;2915000;Euro;;;keine Angabe;toni.haensel;2020-12-22 14:41;613;3115000
870;;666;3731021.25;Euro;;;keine Angabe;toni.haensel;2021-01-07 17:18;614;3731021.25
871;;594;3410000;Euro;;;Zeitbasiert;toni.haensel;2021-01-25 15:35;617;3610000
872;;594;3400000;Euro;;;Zeitbasiert;toni.haensel;2021-01-25 16:42;618;3600000
873;;520;2790000;Euro;;;Zeitbasiert;toni.haensel;2021-01-25 16:52;619;2990000
874;;594;3230000;Euro;;;Zeitbasiert;toni.haensel;2021-01-25 17:06;620;3430000
875;;606;2750000;Euro;;;Zeitbasiert;toni.haensel;2021-01-26 18:25;621;2930000
876;;606;3280000;Euro;;;Zeitbasiert;toni.haensel;2021-01-26 18:37;622;3480000
877;;614;3880000;Euro;;;Zeitbasiert;toni.haensel;2021-01-26 18:47;623;4130000
878;;614;3920000;Euro;;;Zeitbasiert;toni.haensel;2021-01-26 18:56;624;4170000
879;;594;3400000;Euro;;;Zeitbasiert;toni.haensel;2021-01-28 07:51;625;3630000
880;;594;3410000;Euro;;2021-10-15;Zeitbasiert;toni.haensel;2021-01-28 08:01;626;3640000
881;;606;3080000;Euro;;;keine Angabe;toni.haensel;2021-01-28 08:32;627;3280000
882;;601;3350000;Euro;;;keine Angabe;toni.haensel;2021-01-28 09:30;628;3550000
883;;594;3500000;Euro;;;keine Angabe;toni.haensel;2021-01-28 09:52;629;3700000
884;;606;3200000;Euro;;;keine Angabe;toni.haensel;2021-01-28 10:43;630;3430000
885;;666;3600000;Euro;;;keine Angabe;toni.haensel;2021-01-28 10:46;631;3800000
886;;606;3062500;Euro;;;keine Angabe;toni.haensel;2021-01-28 11:25;632;3262500
887;;284;2485000;Euro;;;keine Angabe;toni.haensel;2021-01-28 12:27;633;2680000
888;;751;1695000;Euro;;;keine Angabe;toni.haensel;2021-01-28 12:29;634;1850000
889;;751;1595000;Euro;;;keine Angabe;toni.haensel;2021-01-28 12:32;635;1750000
890;;751;1585000;Euro;;;keine Angabe;toni.haensel;2021-01-28 12:34;636;1740000
891;;751;1575000;Euro;;;keine Angabe;toni.haensel;2021-01-28 12:36;637;1730000
892;;601;3041000;Euro;;;keine Angabe;toni.haensel;2021-01-29 07:40;638;3241000
893;;653;3091000;Euro;;;keine Angabe;toni.haensel;2021-01-29 08:20;639;3271000
894;;731;3200000;Euro;;;keine Angabe;toni.haensel;2021-01-29 08:44;640;3450000
895;;839;4700000;Euro;;;keine Angabe;toni.haensel;2021-01-29 09:50;641;4700000
896;;758;2900000;Euro;;;keine Angabe;toni.haensel;2021-01-29 19:01;642;3100000
897;;546;1750000;Euro;;;keine Angabe;toni.haensel;2021-02-01 08:38;643;1900000
898;;693;4580000;Euro;;;Zeitbasiert;toni.haensel;2021-02-01 10:38;644;4880000
899;;693;4785000;Euro;;;Zeitbasiert;toni.haensel;2021-02-01 10:49;645;5085000
900;;687;4210000;Euro;;;Zeitbasiert;toni.haensel;2021-02-01 10:58;646;4460000
901;;687;4410000;Euro;;;Zeitbasiert;toni.haensel;2021-02-01 11:31;647;4660000
902;;693;4515000;Euro;;;Zeitbasiert;toni.haensel;2021-02-01 11:37;648;4815000
903;;687;4150000;Euro;;;Zeitbasiert;toni.haensel;2021-02-01 11:42;649;4400000
904;;693;4720000;Euro;;;Zeitbasiert;toni.haensel;2021-02-01 11:52;650;5020000
905;;560;2134000;Euro;;;Zeitbasiert;toni.haensel;2021-02-01 12:40;651;2314000
906;;561;2870000;Euro;;;Zeitbasiert;toni.haensel;2021-02-01 12:47;652;3070000
907;;560;2109081;Euro;;2019-11-15;Zeitbasiert;toni.haensel;2021-02-01 14:28;653;2289081
908;;561;2836450;Euro;;2019-11-15;Zeitbasiert;toni.haensel;2021-02-01 14:40;654;3036450
909;;561;2499000;Euro;;2019-11-15;Zeitbasiert;toni.haensel;2021-02-01 15:01;655;2699000
910;;606;3280000;Euro;;2022-02-15;Zeitbasiert;toni.haensel;2021-02-01 16:10;656;3510000
911;;520;2790000;Euro;;2021-10-26;Zeitbasiert;toni.haensel;2021-02-01 16:29;657;3020000
912;;532;2145000;Euro;;;keine Angabe;toni.haensel;2021-02-01 17:00;658;2325000
913;;560;2185000;Euro;;;keine Angabe;toni.haensel;2021-02-01 17:04;659;2365000
914;;693;4775000;Euro;;;Zeitbasiert;toni.haensel;2021-02-01 17:32;660;5075000
915;;693;4940000;Euro;;;Zeitbasiert;toni.haensel;2021-02-01 17:43;661;5240000
916;;687;4345000;Euro;;;Zeitbasiert;toni.haensel;2021-02-02 08:11;662;4595000
917;;687;4470000;Euro;;;Zeitbasiert;toni.haensel;2021-02-02 08:20;663;4720000
918;;693;4710000;Euro;;;Zeitbasiert;toni.haensel;2021-02-02 08:33;664;5010000
919;;693;4885000;Euro;;;Zeitbasiert;toni.haensel;2021-02-02 08:39;665;5185000
920;;687;4280000;Euro;;;Zeitbasiert;toni.haensel;2021-02-02 08:49;666;4530000
921;;561;2492905.98;Euro;;2019-04-30;Zeitbasiert;toni.haensel;2021-02-02 10:08;667;2692905.98
922;;648;2468870;Euro;;;keine Angabe;toni.haensel;2021-02-08 15:28;669;2628870
923;;619;2910000;Euro;;;keine Angabe;toni.haensel;2021-02-08 15:31;670;3110000
924;;553;1998750;Euro;;;keine Angabe;toni.haensel;2021-02-08 15:34;671;1998750
925;;579;2832000;Euro;;;keine Angabe;toni.haensel;2021-02-08 15:47;672;3032000
926;;561;2469000;Euro;;;Zeitbasiert;toni.haensel;2021-02-08 16:36;673;2669000
927;;295;1660000;Euro;;2019-10-19;Zeitbasiert;toni.haensel;2021-02-08 16:54;674;1810000
928;;594;2930000;Euro;;2019-10-19;Zeitbasiert;toni.haensel;2021-02-08 17:05;675;3130000
929;;606;2850000;Euro;;2019-10-19;Zeitbasiert;toni.haensel;2021-02-08 17:12;676;3050000
930;;594;2945500;Euro;;2019-10-19;Zeitbasiert;toni.haensel;2021-02-09 15:49;677;3145500
931;;606;2864500;Euro;;2019-10-19;Zeitbasiert;toni.haensel;2021-02-09 15:59;678;3064500
932;;687;4355000;Euro;;;Zeitbasiert;toni.haensel;2021-02-09 16:15;679;4605000
933;;687;4295000;Euro;;;Zeitbasiert;toni.haensel;2021-02-09 16:29;680;4545000
934;;735;3350000;Euro;;;Zeitbasiert;toni.haensel;2021-02-09 16:55;681;3580000
935;;594;2826753;Euro;;;Zeitbasiert;toni.haensel;2021-02-09 17:16;682;3026753
936;;648;3254400;Euro;;;Zeitbasiert;toni.haensel;2021-02-10 07:55;683;3454400
937;;606;2766400;Euro;;2019-06-15;Zeitbasiert;toni.haensel;2021-02-10 08:18;684;2966400
938;;606;2775130;Euro;;2019-05-16;Zeitbasiert;toni.haensel;2021-02-10 08:36;685;2975130
939;;594;2844882;Euro;;2019-06-15;Zeitbasiert;toni.haensel;2021-02-10 08:50;686;3044882
940;;648;3309400;Euro;;2019-06-15;Zeitbasiert;toni.haensel;2021-02-10 09:36;687;3509400
941;;606;2821400;Euro;;2019-06-15;Zeitbasiert;toni.haensel;2021-02-10 09:46;688;3021400
942;;606;2821400;Euro;;2019-06-15;Zeitbasiert;toni.haensel;2021-02-10 09:52;689;3021400
943;;606;2827007;Euro;;2019-06-15;Zeitbasiert;toni.haensel;2021-02-10 09:59;690;3027007
944;;579;2477000;Euro;;;keine Angabe;toni.haensel;2021-02-10 10:10;691;2637000
945;;614;3070000;Euro;;2019-03-31;keine Angabe;toni.haensel;2021-02-10 10:37;692;3320000
946;;619;2940000;Euro;;2019-03-31;keine Angabe;toni.haensel;2021-02-10 12:34;693;3140000
947;;790;4700000;Euro;;;keine Angabe;toni.haensel;2021-02-10 15:15;694;4700000
948;;837;4785000;Euro;;;keine Angabe;toni.haensel;2021-02-10 15:41;695;5085000
949;;648;2380000;Euro;;2019-03-31;keine Angabe;toni.haensel;2021-02-10 17:10;696;2540000
950;;822;5000000;Euro;;;keine Angabe;toni.haensel;2021-02-11 11:12;697;5000000
951;;614;3100000;Euro;;2019-03-31;keine Angabe;toni.haensel;2021-02-11 11:26;698;3350000
952;;619;2960000;Euro;;2019-03-31;keine Angabe;toni.haensel;2021-02-11 12:29;699;3160000
953;;648;2410000;Euro;;2019-03-31;keine Angabe;toni.haensel;2021-02-11 14:20;700;2570000
954;;648;2380000;Euro;;2019-03-31;keine Angabe;toni.haensel;2021-02-11 14:45;701;2540000
955;;546;1690000;Euro;;2019-03-31;keine Angabe;toni.haensel;2021-02-11 15:24;702;1840000
956;;603;1570000;Euro;;2019-03-31;keine Angabe;toni.haensel;2021-02-11 15:36;703;1720000
957;;603;1550000;Euro;;2019-03-31;keine Angabe;toni.haensel;2021-02-11 15:46;704;1700000
958;;634;1550000;Euro;;2019-03-31;keine Angabe;toni.haensel;2021-02-11 15:54;705;1750000
959;;614;3590000;Euro;;;keine Angabe;toni.haensel;2021-02-11 16:02;706;3840000
960;;619;3170000;Euro;;2019-03-31;keine Angabe;toni.haensel;2021-02-12 10:53;707;3370000
961;;594;2890000;Euro;;2019-03-31;keine Angabe;toni.haensel;2021-02-12 11:49;708;3090000
962;;606;2650000;Euro;;2019-03-31;keine Angabe;toni.haensel;2021-02-12 12:04;709;2830000
963;;648;2410000;Euro;;2019-03-31;keine Angabe;toni.haensel;2021-02-12 14:21;710;2570000
964;;648;2390000;Euro;;2019-03-31;keine Angabe;toni.haensel;2021-02-12 14:51;711;2550000
965;;614;3600000;Euro;;2019-03-31;keine Angabe;toni.haensel;2021-02-12 15:17;712;3850000
966;;594;3110000;Euro;;2019-03-31;keine Angabe;toni.haensel;2021-02-12 17:19;713;3310000
967;;606;2650000;Euro;;2019-03-31;keine Angabe;toni.haensel;2021-02-12 17:34;714;2830000
968;;614;3090000;Euro;;2019-03-31;keine Angabe;toni.haensel;2021-02-15 12:37;715;3340000
969;;619;2950000;Euro;;2019-03-31;keine Angabe;toni.haensel;2021-02-15 18:39;716;3150000
970;;614;3310000;Euro;;2019-03-31;keine Angabe;toni.haensel;2021-02-15 19:13;717;3560000
971;;619;3170000;Euro;;2019-03-31;keine Angabe;toni.haensel;2021-02-16 12:22;718;3370000
972;;670;1740000;Euro;;2019-03-31;keine Angabe;toni.haensel;2021-02-16 12:52;719;1890000
973;;822;4850000;Euro;;;keine Angabe;toni.haensel;2021-02-17 08:14;720;4850000
974;;822;4900000;Euro;;;keine Angabe;toni.haensel;2021-02-17 08:24;721;4900000
975;;822;4950000;Euro;;;keine Angabe;toni.haensel;2021-02-17 08:35;722;4950000
976;;675;3091619;Euro;;;keine Angabe;toni.haensel;2021-02-17 10:37;724;3291619
977;;675;2887777;Euro;;;keine Angabe;toni.haensel;2021-02-17 11:52;725;3087777
978;;675;3105041;Euro;;;keine Angabe;toni.haensel;2021-02-17 13:27;726;3305041
979;;648;2320000;Euro;;;keine Angabe;toni.haensel;2021-02-18 08:39;727;2520000
980;;579;2650000;Euro;;;keine Angabe;toni.haensel;2021-02-18 10:44;729;2850000
981;;762;2430000;Euro;;;keine Angabe;toni.haensel;2021-02-18 11:49;730;2630000
982;;535;2700000;Euro;;;keine Angabe;toni.haensel;2021-02-18 12:36;731;2900000
983;;590;3233500;Euro;;;keine Angabe;toni.haensel;2021-02-18 12:52;732;3433500
984;;560;1963000;Euro;;;keine Angabe;toni.haensel;2021-02-18 14:08;733;2163000
985;;675;2884285;Euro;;;keine Angabe;toni.haensel;2021-02-18 14:47;728;3084285
986;;674;1552000;Euro;;;keine Angabe;toni.haensel;2021-02-19 08:38;734;1752000
987;;560;1769500;Euro;;;keine Angabe;toni.haensel;2021-02-19 09:42;735;1919500
988;;675;3155213;Euro;;;keine Angabe;toni.haensel;2021-02-23 16:00;736;3355213
989;;675;3154135;Euro;;;keine Angabe;toni.haensel;2021-02-23 17:01;737;3354135
990;;675;2948619;Euro;;;keine Angabe;toni.haensel;2021-02-24 08:55;738;3148619
991;;590;2562750;Euro;;;keine Angabe;toni.haensel;2021-02-24 16:40;739;2732750
992;;675;3174105;Euro;;;keine Angabe;toni.haensel;2021-02-24 17:09;740;3374105
993;;675;2968610;Euro;;;keine Angabe;toni.haensel;2021-02-25 11:45;741;3168610
994;;603;1803000;Euro;0;;Produktionsbasiert;ivaylo.petrov;2021-03-19 16:57;742;1953000
995;;244;2295000;Euro;0;;Zeitbasiert;driss.marzouk;2021-03-30 16:00;743;2445000
996;;729;4615000;Euro;0;;Zeitbasiert;ivaylo.petrov;2021-04-07 13:47;744;4615000
997;;729;4615000;Euro;0;;Zeitbasiert;ivaylo.petrov;2021-04-07 14:15;745;4615000
998;;729;4590000;Euro;0;;Zeitbasiert;ivaylo.petrov;2021-04-07 14:45;746;4590000
999;;560;2071701;Euro;15000;2019-03-31;Zeitbasiert;driss.marzouk;2021-04-12 10:04;747;2271701
1000;;561;2405272;Euro;15000;2019-03-31;Zeitbasiert;driss.marzouk;2021-04-12 12:19;748;2605272
1001;;590;2863020;Euro;15000;2019-03-31;Zeitbasiert;driss.marzouk;2021-04-16 09:14;749;2863020
1002;;587;1651324;Euro;0;2019-03-31;Zeitbasiert;driss.marzouk;2021-04-16 10:24;750;1781324
1003;;561;2450632;Euro;0;2019-03-31;Zeitbasiert;driss.marzouk;2021-04-16 11:16;751;2650632
1004;;560;2128470;Euro;13000;2019-04-30;Zeitbasiert;driss.marzouk;2021-04-19 11:57;752;2328470
1005;;520;2825000;Euro;0;;Produktionsbasiert;ivaylo.petrov;2021-04-28 16:45;753;3029000
1006;;577;4380000;Euro;0;;Zeitbasiert;ivaylo.petrov;2021-04-28 17:03;754;4630000
1007;;594;3790000;Euro;0;;keine Angabe;ivaylo.petrov;2021-04-28 19:44;754;3990000
1008;;606;4240000;Euro;0;;Zeitbasiert;ivaylo.petrov;2021-04-28 19:46;754;4490000
1009;;601;3097000;Euro;0;;Zeitbasiert;ivaylo.petrov;2021-05-07 14:39;755;3297000
1010;;666;3597179;Euro;0;;keine Angabe;ivaylo.petrov;2021-05-10 15:26;756;3597179
1011;;666;3782819;Euro;0;;Zeitbasiert;ivaylo.petrov;2021-05-12 10:43;757;3782819
1012;;761;3888503;Euro;0;;Zeitbasiert;ivaylo.petrov;2021-05-12 10:47;757;3888503
1013;;577;4580000;Euro;0;;Zeitbasiert;marc.speri;2021-07-12 08:57;758;4910000
1014;;594;3910000;Euro;;;Zeitbasiert;marc.speri;2021-07-12 10:28;760;4110000
1015;;601;3335000;Euro;31102021;;Zeitbasiert;marc.speri;2022-03-29 12:07;764;3624000
1016;;687;4785000;Euro;;;keine Angabe;marc.speri;2022-03-29 12:57;765;4785000
1017;;844;4830000;Euro;;;keine Angabe;marc.speri;2022-03-29 12:58;765;4830000
1018;;731;4650000;Euro;;;keine Angabe;marc.speri;2022-03-29 12:59;765;4650000
1019;;822;5000000;Euro;;;keine Angabe;marc.speri;2022-03-29 14:45;765;5000000
1020;;535;3800800;Euro;;;Produktionsbasiert;marc.speri;2022-04-01 08:53;766;4000800
1021;;583;3855800;Euro;;;Produktionsbasiert;marc.speri;2022-04-01 08:55;766;4055800
1022;;666;3912000;Euro;;;keine Angabe;marc.speri;2022-04-01 09:08;767;4162000
1023;;606;3600000;Euro;;;Zeitbasiert;driss.marzouk;2022-04-01 12:27;768;3850000
1024;;874;3872509;Euro;;;Zeitbasiert;driss.marzouk;2022-04-04 11:34;769;4122509
1025;;761;4259050;Euro;;;Zeitbasiert;driss.marzouk;2022-04-04 11:47;769;4259050
1026;;535;3500000;Euro;;;Zeitbasiert;driss.marzouk;2022-04-04 14:52;770;3500000
1027;;330;3050000;Euro;;;Zeitbasiert;driss.marzouk;2022-04-04 14:55;770;3050000
1028;;687;6300000;Euro;;;keine Angabe;driss.marzouk;2022-04-05 10:03;771;6550000
1030;;844;4830000;Euro;;;keine Angabe;marc.speri;2022-04-06 16:33;773;4830000
1031;;687;4785000;Euro;;;keine Angabe;marc.speri;2022-04-06 16:34;773;4785000
1032;;731;4650000;Euro;;;keine Angabe;marc.speri;2022-04-06 16:34;773;4650000
1033;;822;5000000;Euro;;;keine Angabe;marc.speri;2022-04-06 16:35;773;5000000
1034;;731;4250000;Euro;;;Zeitbasiert;marc.speri;2022-04-06 16:40;774;4630000
1035;;594;5165000;Euro;;;Zeitbasiert;marc.speri;2022-04-06 16:55;775;5525000
1036;;879;4390000;Euro;;;Zeitbasiert;marc.speri;2022-04-07 09:00;776;4640000
1037;;606;3298950;Euro;;;Produktionsbasiert;marc.speri;2022-04-07 09:07;777;3619950
1038;;606;3348950;Euro;;2021-12-09;Produktionsbasiert;marc.speri;2022-04-07 09:09;777;3669950
1039;;614;4325000;Euro;;;Zeitbasiert;marc.speri;2022-04-07 09:24;778;4575000
1040;;844;5485000;Euro;;;Zeitbasiert;marc.speri;2022-04-07 09:26;778;5845000
1041;;822;5100000;Euro;;;keine Angabe;driss.marzouk;2022-04-11 09:08;779;5100000
1042;;868;5950000;Euro;;;keine Angabe;driss.marzouk;2022-04-11 09:18;779;5950000
1043;;873;5570000;Euro;;;Produktionsbasiert;marc.speri;2022-04-11 10:04;780;5870000
1044;;633;3632000;Euro;;;keine Angabe;marc.speri;2022-04-11 12:53;781;3882000
1045;;731;3700000;Euro;;;keine Angabe;marc.speri;2022-04-11 12:58;781;3950000
1046;;844;3380000;Euro;;;keine Angabe;marc.speri;2022-04-11 13:03;781;3630000
1047;;729;4450000;Euro;;;Produktionsbasiert;marc.speri;2022-04-11 13:11;782;4700000
1048;;590;3160000;Euro;;;Produktionsbasiert;marc.speri;2022-04-11 13:29;783;3410000
1049;;868;6200000;Euro;;;keine Angabe;ivaylo.petrov;2022-04-13 08:52;784;6200000
1050;;594;5100000;Euro;;;Zeitbasiert;marc.speri;2022-04-20 10:03;785;5460000
1051;;822;5295500;Euro;;;Zeitbasiert;marc.speri;2022-04-20 10:13;786;5295500
1052;;790;4600000;Euro;;;keine Angabe;marc.speri;2022-04-22 09:12;788;4850000
1053;;666;4200000;Euro;;;keine Angabe;marc.speri;2022-04-22 09:12;788;4450000
1054;;729;4450000;Euro;;;keine Angabe;marc.speri;2022-04-22 09:14;788;4700000
1055;;844;5230000;Euro;;;keine Angabe;marc.speri;2022-04-22 09:14;788;5480000
1056;;837;5424588;Euro;;;keine Angabe;marc.speri;2022-04-22 09:15;788;5724588
1057;;844;5900000;Euro;;;keine Angabe;marc.speri;2022-04-22 09:18;789;5900000
1058;;731;5300000;Euro;;;keine Angabe;marc.speri;2022-04-22 09:18;789;5300000
1059;;874;3699064;Euro;;2022-05-02;Zeitbasiert;marc.speri;2022-05-03 10:07;790;3949064
1060;;761;3999182;Euro;;2022-05-02;Zeitbasiert;marc.speri;2022-05-03 10:09;790;4249182
1061;;349;3564000;Euro;;;Zeitbasiert;marc.speri;2022-05-31 17:08;791;3864000
1062;;323;3364000;Euro;;;Zeitbasiert;marc.speri;2022-05-31 17:11;791;3664000
1063;;594;5179000;Euro;;;Zeitbasiert;marc.speri;2022-05-31 17:26;792;5539000
1064;;731;4585000;Euro;;;Zeitbasiert;marc.speri;2022-05-31 17:52;793;4965000
1065;;822;5165000;Euro;;;keine Angabe;marc.speri;2022-06-03 10:16;794;5165000
1066;;873;5742000;Euro;;;keine Angabe;marc.speri;2022-06-03 10:17;794;5742000
1067;;790;5170000;Euro;;;keine Angabe;marc.speri;2022-06-03 10:33;794;5170000
1068;;614;4800000;Euro;;;Produktionsbasiert;marc.speri;2022-06-22 11:47;795;5050000
1069;;687;6875000;Euro;;;Produktionsbasiert;marc.speri;2022-06-22 12:03;796;7125000
1070;;731;4730000;Euro;;;Zeitbasiert;marc.speri;2022-07-01 11:21;797;5110000
1071;;879;5400000;Euro;;;keine Angabe;marc.speri;2022-07-01 14:46;798;5650000
1072;;579;4170000;Euro;;;Zeitbasiert;marc.speri;2022-07-01 17:10;799;4370000
1073;;921;5330000;Euro;;;Zeitbasiert;marc.speri;2022-07-01 17:26;800;5630000
1074;;868;5950500;Euro;;;keine Angabe;marc.speri;2022-07-01 17:49;801;6200500
1075;;911;5179971;US-Dollar;;;Produktionsbasiert;marc.speri;2022-07-04 17:40;802;5179971
1076;;911;5287920.97;US-Dollar;;;Produktionsbasiert;marc.speri;2022-07-04 17:47;803;5287920.97
1077;;910;5375000;Euro;;;Produktionsbasiert;marc.speri;2022-07-06 13:26;804;5675000
1078;;868;5880850;Euro;;;Zeitbasiert;marc.speri;2022-07-06 13:52;805;6130850
1079;;868;5863350;Euro;;;Zeitbasiert;marc.speri;2022-07-06 13:57;806;6113350
1080;;917;4564474;Euro;;;Zeitbasiert;marc.speri;2022-07-08 11:30;807;4564474
1081;;921;5400000;Euro;;;Zeitbasiert;marc.speri;2022-07-11 16:14;797;5780000
1082;;921;5200000;Euro;;;Produktionsbasiert;marc.speri;2022-07-13 15:13;808;5500000
1083;;868;6050000;Euro;;;keine Angabe;marc.speri;2022-07-13 17:25;809;6350000
1084;;911;5082591;US-Dollar;;;Produktionsbasiert;marc.speri;2022-07-29 13:03;811;5082591
1085;;844;5600000;Euro;;;keine Angabe;marc.speri;2022-08-03 11:41;812;5960000
1086;;866;6100000;Euro;;;keine Angabe;marc.speri;2022-08-03 11:41;812;6460000
1087;;904;6900000;Euro;;;keine Angabe;marc.speri;2022-08-03 11:43;815;6900000
1088;;687;6875000;Euro;0;;Zeitbasiert;ivaylo.petrov;2022-08-09 08:47;816;7195000
1089;;890;4160960;Euro;;;Produktionsbasiert;marc.speri;2022-08-10 10:00;817;4520960
1090;;866;5850000;Euro;;;Zeitbasiert;marc.speri;2022-08-10 10:12;818;6100000
1091;;873;6200000;Euro;;;Produktionsbasiert;marc.speri;2022-08-10 10:13;818;6500000
1095;;879;6150000;Euro;;;keine Angabe;marc.speri;2022-09-02 15:43;821;6150000
1096;;921;6200000;Euro;;;Zeitbasiert;marc.speri;2022-09-07 13:45;822;6200000
1097;;868;6950000;Euro;;;keine Angabe;ivaylo.petrov;2022-09-13 13:57;823;6950000
1098;;868;6950000;Euro;;;keine Angabe;marc.speri;2022-09-13 16:23;824;6950000
1099;;601;4285000;Euro;;;keine Angabe;marc.speri;2022-09-26 09:57;825;4535000
1100;;614;5700000;Euro;;;Produktionsbasiert;marc.speri;2022-11-01 13:13;827;6060000
1101;;844;6300000;Euro;;;Produktionsbasiert;marc.speri;2022-11-01 13:14;827;6300000
1102;;619;5300000;Euro;;;Produktionsbasiert;marc.speri;2022-11-07 14:19;828;5660000
1103;;874;4929000;Euro;;;keine Angabe;marc.speri;2022-11-08 10:31;829;4929000
1104;;666;4650000;Euro;;;keine Angabe;marc.speri;2022-11-24 12:12;831;4900000
1105;;926;7400000;Euro;;;keine Angabe;marc.speri;2023-01-18 13:08;832;7400000
1106;;904;7300000;Euro;;;Produktionsbasiert;marc.speri;2023-01-20 16:52;833;7300000
1107;;917;6043046;Euro;;;keine Angabe;marc.speri;2023-01-24 11:29;834;6043046
1108;;868;6950000;Euro;;;keine Angabe;marc.speri;2023-01-24 13:54;835;6950000
1109;;601;4242000;Euro;;;Zeitbasiert;marc.speri;2023-01-27 14:10;836;4492000
1110;;606;5000000;Euro;;;keine Angabe;marc.speri;2023-02-09 16:44;837;5300000
1111;;653;5125000;Euro;;;keine Angabe;marc.speri;2023-02-09 17:26;838;5125000
1113;;693;6425000;Euro;;;Produktionsbasiert;marc.speri;2023-02-14 13:09;840;6775000
1114;;866;5850000;Euro;;;Produktionsbasiert;marc.speri;2023-02-14 13:11;840;6150000
1115;;873;6275000;Euro;;;Produktionsbasiert;marc.speri;2023-02-14 13:12;840;6575000
1116;;911;4438045.24;US-Dollar;;;keine Angabe;marc.speri;2023-02-20 13:25;841;4738045.24
1117;;598;4880000;Euro;;;Zeitbasiert;marc.speri;2023-02-20 17:46;842;5180000
1119;;866;6300000;Euro;;;Produktionsbasiert;marc.speri;2023-02-28 08:42;844;6300000
1120;;873;6725000;Euro;;;Produktionsbasiert;marc.speri;2023-02-28 08:42;844;6725000
1121;;866;5575000;Euro;;;Produktionsbasiert;marc.speri;2023-02-28 08:50;845;5925000
1122;;873;6000000;Euro;;;Produktionsbasiert;marc.speri;2023-02-28 08:52;845;6350000
1123;;873;6450000;Euro;;;Produktionsbasiert;marc.speri;2023-03-17 16:34;846;6750000
1124;;873;6875000;Euro;;;Produktionsbasiert;marc.speri;2023-03-17 16:35;846;6875000
1125;;822;7580000;Euro;;;Produktionsbasiert;marc.speri;2023-04-05 14:21;847;7580000
1126;;729;7195000;Euro;;;Produktionsbasiert;marc.speri;2023-04-05 14:31;848;7195000
1127;;729;7150000;Euro;;;Produktionsbasiert;marc.speri;2023-04-05 14:34;849;7150000
1128;;731;5350000;Euro;;;Produktionsbasiert;marc.speri;2023-04-21 09:21;850;5350000
1129;;921;5625000;Euro;;;Produktionsbasiert;marc.speri;2023-04-24 08:43;851;5925000
1130;;921;6360000;Euro;;;Produktionsbasiert;marc.speri;2023-04-24 08:43;851;6360000
1131;;866;6355000;Euro;;;keine Angabe;marc.speri;2023-04-24 15:22;826;6355000
1132;;873;6850000;Euro;;;keine Angabe;marc.speri;2023-04-24 15:23;826;6850000
1133;;904;7300000;Euro;;;keine Angabe;marc.speri;2023-04-24 15:23;826;7300000
1134;;978;4600000;Euro;;;keine Angabe;saad.bouzid@enertrag.com;2023-04-27 18:11;852;4850000
1135;;606;5920000;Euro;;;keine Angabe;marc.speri;2023-05-05 08:51;853;6220000
1136;;904;6280000;US-Dollar;;;keine Angabe;marc.speri;2023-05-15 16:49;855;6630000
1137;;945;7495000;Euro;;;keine Angabe;marc.speri;2023-05-24 08:47;856;7495000
1138;;614;4720000;Euro;0;;Zeitbasiert;ivaylo.petrov;2023-06-26 13:23;857;5050000
1139;;874;5350000;Euro;;;Zeitbasiert;ivaylo.petrov;2023-07-12 15:20;858;5600000
1140;;873;7416240;Euro;;;keine Angabe;marc.speri;2023-07-26 15:56;860;7416240
1141;;866;6822940;Euro;;;keine Angabe;kevin.pietka;2023-07-27 08:43;860;6822940
1142;;837;6754720;Euro;;;keine Angabe;kevin.pietka;2023-07-27 08:46;860;6754720
1143;;693;6687170;Euro;;;keine Angabe;kevin.pietka;2023-07-27 08:49;860;6687170
1144;;873;7695390;Euro;;;keine Angabe;kevin.pietka;2023-07-27 09:51;861;7695390
1145;;866;7079760;Euro;;;keine Angabe;kevin.pietka;2023-07-27 09:52;861;7079760
1146;;837;7008960;Euro;;;keine Angabe;kevin.pietka;2023-07-27 09:53;861;7008960
1147;;693;6938870;Euro;;;keine Angabe;kevin.pietka;2023-07-27 09:55;861;6938870
1148;;873;7431330;Euro;;;keine Angabe;kevin.pietka;2023-07-27 10:07;862;7431330
1149;;866;6836830;Euro;;;keine Angabe;kevin.pietka;2023-07-27 10:09;862;6836830
1150;;837;6768460;Euro;;;keine Angabe;kevin.pietka;2023-07-27 10:34;862;6768460
1151;;693;6700770;Euro;;;keine Angabe;kevin.pietka;2023-07-27 10:35;862;6700770
1152;;873;7416240;Euro;;;keine Angabe;kevin.pietka;2023-07-27 10:47;863;7416240
1153;;866;6822940;Euro;;;keine Angabe;kevin.pietka;2023-07-27 10:48;863;6822940
1154;;837;6754720;Euro;;;keine Angabe;kevin.pietka;2023-07-27 10:50;863;6754720
1155;;693;6687170;Euro;;;keine Angabe;kevin.pietka;2023-07-27 10:53;863;6687170
1156;;904;7900000;Euro;;;keine Angabe;kevin.pietka;2023-07-27 11:00;864;7900000
1157;;873;7544500;Euro;;;keine Angabe;kevin.pietka;2023-07-27 11:01;864;7544500
1158;;866;6940940;Euro;;;keine Angabe;kevin.pietka;2023-07-27 11:04;864;6940940
1159;;837;6871530;Euro;;;keine Angabe;kevin.pietka;2023-07-27 11:05;864;6871530
1160;;693;6802820;Euro;;;keine Angabe;kevin.pietka;2023-07-27 11:06;864;6802820
1161;;904;7900000;Euro;;;keine Angabe;kevin.pietka;2023-07-27 11:14;865;7900000
1162;;873;7544500;Euro;;;keine Angabe;kevin.pietka;2023-07-27 11:16;865;7544500
1163;;866;6940940;Euro;;;keine Angabe;kevin.pietka;2023-07-27 11:18;865;6940940
1164;;837;6871530;Euro;;;keine Angabe;kevin.pietka;2023-07-27 11:19;865;6871530
1165;;693;6802820;Euro;;;keine Angabe;kevin.pietka;2023-07-27 11:20;865;6802820
1166;;844;6555130;Euro;;;keine Angabe;kevin.pietka;2023-07-27 11:23;866;6555130
1167;;729;6695000;Euro;;;keine Angabe;kevin.pietka;2023-07-31 10:26;867;6695000
1168;;729;6775000;Euro;;;keine Angabe;kevin.pietka;2023-07-31 10:57;868;6775000
1169;;822;7295000;Euro;;;keine Angabe;kevin.pietka;2023-07-31 11:03;869;7295000
1170;;879;6500000;Euro;;;keine Angabe;kevin.pietka;2023-08-02 11:13;870;6500000
1171;;879;6480000;Euro;;;keine Angabe;kevin.pietka;2023-08-02 11:19;870;6480000
1172;;917;5764713;Euro;;;keine Angabe;kevin.pietka;2023-08-23 14:09;871;5764713
1173;;978;3754009.51;Euro;;;keine Angabe;kevin.pietka;2023-08-23 14:55;872;3754009.51
1174;;978;4334661;Euro;;;keine Angabe;kevin.pietka;2023-08-23 14:58;872;4334661
1175;;926;7430000;Euro;;;keine Angabe;kevin.pietka;2023-08-23 15:53;874;7430000
1176;;879;6720000;Euro;;;keine Angabe;kevin.pietka;2023-08-23 15:57;875;6720000
1177;;921;6225000;Euro;;;keine Angabe;kevin.pietka;2023-08-24 11:29;876;6225000
1178;;921;6320000;Euro;;;keine Angabe;kevin.pietka;2023-08-24 11:37;877;6320000
1179;;653;4530000;Euro;;;keine Angabe;kevin.pietka;2023-08-24 11:59;879;4530000
1180;;653;4156000;Euro;;;keine Angabe;kevin.pietka;2023-08-24 12:39;879;4156000
1181;;653;4000000;Euro;;;keine Angabe;kevin.pietka;2023-08-24 12:40;879;4000000
1182;;653;3950000;Euro;;;keine Angabe;kevin.pietka;2023-08-24 12:41;879;3950000
1183;;653;3921000;Euro;;;keine Angabe;kevin.pietka;2023-08-24 12:43;879;3921000
1184;;653;3850000;Euro;;;keine Angabe;kevin.pietka;2023-08-24 12:44;879;3850000
1185;;653;3836000;Euro;;;keine Angabe;kevin.pietka;2023-08-24 12:44;879;3836000
1186;;653;4895000;Euro;;;keine Angabe;kevin.pietka;2023-08-24 12:45;879;4895000
1187;;653;4497000;Euro;;;keine Angabe;kevin.pietka;2023-08-24 12:46;879;4497000
1188;;653;4330000;Euro;;;keine Angabe;kevin.pietka;2023-08-24 12:47;879;4330000
1189;;653;4275000;Euro;;;keine Angabe;kevin.pietka;2023-08-24 12:48;879;4275000
1190;;653;4245000;Euro;;;keine Angabe;kevin.pietka;2023-08-24 12:50;879;4245000
1191;;653;4169000;Euro;;;keine Angabe;kevin.pietka;2023-08-24 12:51;879;4169000
1192;;653;4153000;Euro;;;keine Angabe;kevin.pietka;2023-08-24 12:51;879;4153000
1193;;653;5455000;Euro;;;keine Angabe;kevin.pietka;2023-08-24 12:52;879;5455000
1194;;653;5047000;Euro;;;keine Angabe;kevin.pietka;2023-08-24 12:55;879;5047000
1195;;653;4875000;Euro;;;keine Angabe;kevin.pietka;2023-08-24 12:56;879;4875000
1196;;653;4820000;Euro;;;keine Angabe;kevin.pietka;2023-08-24 12:56;879;4820000
1197;;653;4785000;Euro;;;keine Angabe;kevin.pietka;2023-08-24 12:57;879;4785000
1198;;653;4704000;Euro;;;keine Angabe;kevin.pietka;2023-08-24 12:58;879;4704000
1199;;653;4690000;Euro;;;keine Angabe;kevin.pietka;2023-08-24 12:59;879;4690000
1200;;653;6280000;Euro;;;keine Angabe;kevin.pietka;2023-08-24 12:59;879;6280000
1201;;653;5875000;Euro;;;keine Angabe;kevin.pietka;2023-08-24 13:00;879;5875000
1202;;653;5695000;Euro;;;keine Angabe;kevin.pietka;2023-08-24 13:00;879;5695000
1203;;653;5640000;Euro;;;keine Angabe;kevin.pietka;2023-08-24 13:01;879;5640000
1204;;653;5610000;Euro;;;keine Angabe;kevin.pietka;2023-08-24 13:02;879;5610000
1205;;653;5521000;Euro;;;keine Angabe;kevin.pietka;2023-08-24 13:03;879;5521000
1206;;653;5506000;Euro;;;keine Angabe;kevin.pietka;2023-08-24 13:03;879;5506000
1207;;945;8500000;Euro;;;keine Angabe;kevin.pietka;2023-08-25 15:01;879;8500000
1208;;945;8043000;Euro;;;keine Angabe;kevin.pietka;2023-08-25 15:02;879;8043000
1209;;945;7810000;Euro;;;keine Angabe;kevin.pietka;2023-08-25 15:12;879;7810000
1210;;945;7751000;Euro;;;keine Angabe;kevin.pietka;2023-08-25 15:13;879;7751000
1211;;844;6840950;Euro;;;keine Angabe;kevin.pietka;2023-09-01 10:21;880;6840950
1212;;844;6840950;Euro;;;keine Angabe;kevin.pietka;2023-09-01 10:23;881;6840950
1213;;873;7638440;Euro;;;keine Angabe;kevin.pietka;2023-09-01 10:25;882;7638440
1214;;866;7018960;Euro;;;keine Angabe;kevin.pietka;2023-09-01 10:26;882;7018960
1215;;837;6948870;Euro;;;keine Angabe;kevin.pietka;2023-09-01 10:26;882;6948870
1216;;945;7730000;Euro;;;keine Angabe;kevin.pietka;2023-09-05 16:13;879;7730000
1217;;945;7620000;Euro;;;keine Angabe;kevin.pietka;2023-09-05 16:14;879;7620000
1218;;945;7593000;Euro;;;keine Angabe;kevin.pietka;2023-09-05 16:14;879;7593000
1219;;872;6140000;Euro;;;keine Angabe;kevin.pietka;2023-09-05 16:16;879;6140000
1220;;872;5820000;Euro;;;keine Angabe;kevin.pietka;2023-09-05 16:17;879;5820000
1221;;872;5665000;Euro;;;keine Angabe;kevin.pietka;2023-09-05 16:17;879;5665000
1222;;872;5620000;Euro;;;keine Angabe;kevin.pietka;2023-09-05 16:18;879;5620000
1223;;872;5520000;Euro;;;keine Angabe;kevin.pietka;2023-09-05 16:18;879;5520000
1224;;872;5500000;Euro;;;keine Angabe;kevin.pietka;2023-09-05 16:19;879;5500000
1225;;872;6800000;Euro;;;keine Angabe;kevin.pietka;2023-09-05 16:30;883;6800000
1226;;872;7000000;Euro;;;keine Angabe;kevin.pietka;2023-09-05 16:38;879;7000000
1227;;872;6593000;Euro;;;keine Angabe;kevin.pietka;2023-09-05 16:38;879;6593000
1228;;872;6410000;Euro;;;keine Angabe;kevin.pietka;2023-09-05 16:40;879;6410000
1229;;872;6351000;Euro;;;keine Angabe;kevin.pietka;2023-09-05 16:41;879;6351000
1230;;872;6330000;Euro;;;keine Angabe;kevin.pietka;2023-09-05 16:44;879;6330000
1231;;872;6230000;Euro;;;keine Angabe;kevin.pietka;2023-09-05 16:44;879;6230000
1232;;872;6231000;Euro;;;keine Angabe;kevin.pietka;2023-09-05 16:45;879;6231000
1233;;1038;8250000;Euro;;;keine Angabe;kevin.pietka;2023-09-05 16:47;879;8250000
1234;;1038;7793000;Euro;;;keine Angabe;kevin.pietka;2023-09-05 16:47;879;7793000
1235;;1038;7560000;Euro;;;keine Angabe;kevin.pietka;2023-09-05 16:48;879;7560000
1236;;1038;7501000;Euro;;;keine Angabe;kevin.pietka;2023-09-05 16:48;879;7501000
1237;;1038;7480000;Euro;;;keine Angabe;kevin.pietka;2023-09-05 16:49;879;7480000
1238;;1038;7370000;Euro;;;keine Angabe;kevin.pietka;2023-09-05 16:50;879;7370000
1239;;1038;7343000;Euro;;;keine Angabe;kevin.pietka;2023-09-05 16:50;879;7343000
1240;;790;6750000;Euro;;;keine Angabe;kevin.pietka;2023-09-05 16:51;879;6750000
1241;;790;6351000;Euro;;;keine Angabe;kevin.pietka;2023-09-05 16:52;879;6351000
1242;;790;6170000;Euro;;;keine Angabe;kevin.pietka;2023-09-05 16:53;879;6170000
1243;;790;6115000;Euro;;;keine Angabe;kevin.pietka;2023-09-05 16:53;879;6115000
1244;;790;6090000;Euro;;;keine Angabe;kevin.pietka;2023-09-05 16:54;879;6090000
1245;;790;5994000;Euro;;;keine Angabe;kevin.pietka;2023-09-05 16:55;879;5994000
1246;;790;5980000;Euro;;;keine Angabe;kevin.pietka;2023-09-05 16:56;879;5980000
1247;;790;5735000;Euro;;;keine Angabe;kevin.pietka;2023-09-05 16:57;879;5735000
1248;;790;5415000;Euro;;;keine Angabe;kevin.pietka;2023-09-05 16:58;879;5415000
1249;;790;5270000;Euro;;;keine Angabe;kevin.pietka;2023-09-05 16:59;879;5270000
1250;;790;5220000;Euro;;;keine Angabe;kevin.pietka;2023-09-05 16:59;879;5220000
1251;;790;5200000;Euro;;;keine Angabe;kevin.pietka;2023-09-05 17:00;879;5200000
1252;;790;5120000;Euro;;;keine Angabe;kevin.pietka;2023-09-05 17:00;879;5120000
1253;;790;5110000;Euro;;;keine Angabe;kevin.pietka;2023-09-05 17:01;879;5110000
1254;;731;6575000;Euro;;;keine Angabe;kevin.pietka;2023-09-06 09:43;879;6575000
1255;;731;6175000;Euro;;;keine Angabe;kevin.pietka;2023-09-06 09:43;879;6175000
1256;;731;5973000;Euro;;;keine Angabe;kevin.pietka;2023-09-06 09:45;879;5973000
1257;;731;5920000;Euro;;;keine Angabe;kevin.pietka;2023-09-06 09:46;879;5920000
1258;;731;5795000;Euro;;;keine Angabe;kevin.pietka;2023-09-06 09:48;879;5795000
1259;;731;5890000;Euro;;;keine Angabe;kevin.pietka;2023-09-06 09:49;879;5890000
1260;;731;5780000;Euro;;;keine Angabe;kevin.pietka;2023-09-06 09:50;879;5780000
1261;;731;5797000;Euro;;;keine Angabe;kevin.pietka;2023-09-06 10:01;879;5797000
1262;;731;5387000;Euro;;;keine Angabe;kevin.pietka;2023-09-06 10:05;879;5387000
1263;;731;5210000;Euro;;;keine Angabe;kevin.pietka;2023-09-06 10:06;879;5210000
1264;;731;5156000;Euro;;;keine Angabe;kevin.pietka;2023-09-06 10:10;879;5156000
1265;;731;5123000;Euro;;;keine Angabe;kevin.pietka;2023-09-06 10:12;879;5123000
1266;;731;5038000;Euro;;;keine Angabe;kevin.pietka;2023-09-06 10:18;879;5038000
1267;;731;5028000;Euro;;;keine Angabe;kevin.pietka;2023-09-06 10:21;879;5028000
1268;;731;5260000;Euro;;;keine Angabe;kevin.pietka;2023-09-06 10:23;879;5260000
1269;;731;4855000;Euro;;;keine Angabe;kevin.pietka;2023-09-06 10:24;879;4855000
1270;;731;4685000;Euro;;;keine Angabe;kevin.pietka;2023-09-06 10:26;879;4685000
1271;;731;4630000;Euro;;;keine Angabe;kevin.pietka;2023-09-06 10:27;879;4630000
1272;;731;4518000;Euro;;;keine Angabe;kevin.pietka;2023-09-06 10:30;879;4518000
1273;;731;4600000;Euro;;;keine Angabe;kevin.pietka;2023-09-06 10:31;879;4600000
1274;;731;4502000;Euro;;;keine Angabe;kevin.pietka;2023-09-06 10:33;879;4502000
1275;;616;6462000;Euro;;;keine Angabe;kevin.pietka;2023-09-06 10:37;879;6462000
1276;;616;6055000;Euro;;;keine Angabe;kevin.pietka;2023-09-06 10:38;879;6055000
1277;;616;5873000;Euro;;;keine Angabe;kevin.pietka;2023-09-06 10:39;879;5873000
1278;;616;5820000;Euro;;;keine Angabe;kevin.pietka;2023-09-06 10:55;879;5820000
1279;;616;5790000;Euro;;;keine Angabe;kevin.pietka;2023-09-06 11:12;879;5790000
1280;;616;5695000;Euro;;;keine Angabe;kevin.pietka;2023-09-06 11:13;879;5695000
1281;;616;5680000;Euro;;;keine Angabe;kevin.pietka;2023-09-06 11:15;879;5680000
1282;;616;5659000;Euro;;;keine Angabe;kevin.pietka;2023-09-06 11:17;879;5659000
1283;;616;5249000;Euro;;;keine Angabe;kevin.pietka;2023-09-06 11:18;879;5249000
1284;;616;5077000;Euro;;;keine Angabe;kevin.pietka;2023-09-06 11:20;879;5077000
1285;;616;5086000;Euro;;;keine Angabe;kevin.pietka;2023-09-06 11:22;879;5086000
1286;;616;4990000;Euro;;;keine Angabe;kevin.pietka;2023-09-06 11:24;879;4990000
1287;;616;4904000;Euro;;;keine Angabe;kevin.pietka;2023-09-06 11:26;879;4904000
1288;;616;4894000;Euro;;;keine Angabe;kevin.pietka;2023-09-06 11:29;879;4894000
1289;;616;5159000;Euro;;;keine Angabe;kevin.pietka;2023-09-06 11:30;879;5159000
1290;;616;4760000;Euro;;;keine Angabe;kevin.pietka;2023-09-06 11:30;879;4760000
1291;;616;4593000;Euro;;;keine Angabe;kevin.pietka;2023-09-06 11:32;879;4593000
1292;;616;4539000;Euro;;;keine Angabe;kevin.pietka;2023-09-06 11:33;879;4539000
1293;;616;4506000;Euro;;;keine Angabe;kevin.pietka;2023-09-06 11:34;879;4506000
1294;;616;4430000;Euro;;;keine Angabe;kevin.pietka;2023-09-06 11:35;879;4430000
1295;;616;4415000;Euro;;;keine Angabe;kevin.pietka;2023-09-06 11:37;879;4415000
1296;;917;5007527;Euro;;;keine Angabe;kevin.pietka;2023-09-25 09:21;884;5007527
1297;;872;6400000;Euro;;;keine Angabe;kevin.pietka;2023-09-25 15:02;885;6400000
1298;;731;5990000;Euro;;;keine Angabe;kevin.pietka;2023-09-25 15:03;885;5990000
1299;;945;7880000;Euro;;;keine Angabe;kevin.pietka;2023-09-25 15:47;887;7880000
1300;;731;6055000;Euro;;;keine Angabe;kevin.pietka;2023-09-25 15:48;887;6055000
1301;;921;6795000;Euro;;;keine Angabe;kevin.pietka;2023-09-25 16:02;888;6795000
1302;;945;7630000;Euro;;;keine Angabe;kevin.pietka;2023-09-25 16:34;889;7630000
1303;;926;7550000;Euro;;;keine Angabe;kevin.pietka;2023-09-29 10:48;890;7550000
1305;;844;6800950;Euro;;;keine Angabe;kevin.pietka;2023-10-05 14:36;891;6800950
1306;;844;6820950;Euro;;;keine Angabe;kevin.pietka;2023-10-05 14:44;892;6820950
1307;;873;7618440;Euro;;;keine Angabe;kevin.pietka;2023-10-05 14:48;893;7618440
1308;;866;7008960;Euro;;;keine Angabe;kevin.pietka;2023-10-05 14:49;893;7008960
1309;;837;6938870;Euro;;;keine Angabe;kevin.pietka;2023-10-05 14:50;893;6938870
1310;;844;6444630;Euro;;;keine Angabe;kevin.pietka;2023-10-05 15:28;894;6444630
1311;;904;7550000;Euro;;;keine Angabe;kevin.pietka;2023-10-06 09:43;895;7550000
1312;;904;8450000;Euro;;;keine Angabe;kevin.pietka;2023-10-06 09:44;895;8450000
1313;;879;6720000;Euro;;;keine Angabe;marc.speri;2023-10-13 09:04;874;6720000
